ID,h2o,catboost,xgb,final_prediction
2241,1,1,0,1
2274,0,0,0,0
1107,1,1,1,1
4478,1,1,0,1
5080,1,0,0,0
5725,0,0,0,0
456,0,1,1,1
1711,0,0,0,0
2940,1,1,0,1
3031,0,0,0,0
3551,0,1,0,0
5987,0,0,0,0
6925,1,1,0,1
5735,0,0,0,0
298,1,1,1,1
4020,1,1,1,1
3127,0,0,0,0
7432,0,0,0,0
7375,0,0,0,0
1996,1,1,1,1
5966,0,0,0,0
6697,0,0,0,0
3544,1,1,1,1
7122,0,0,0,0
1379,0,1,1,1
505,1,1,1,1
224,1,1,0,1
3024,1,1,0,1
2946,0,0,0,0
153,1,1,1,1
229,1,1,0,1
7411,0,1,0,0
2655,0,0,0,0
6972,1,0,1,1
320,1,1,1,1
5205,1,1,1,1
2454,0,0,0,0
3482,0,1,0,0
6708,0,0,0,0
3028,1,1,1,1
5747,0,0,0,0
787,0,0,0,0
6608,0,1,0,0
3188,1,1,1,1
5995,0,0,0,0
10,1,0,0,0
1556,1,1,1,1
2100,1,1,1,1
4496,1,1,0,1
6847,0,0,0,0
2681,0,0,0,0
570,0,1,0,0
4800,0,0,0,0
5642,0,0,0,0
6813,0,0,0,0
5820,0,0,0,0
3731,0,0,0,0
4586,1,1,1,1
6650,0,0,0,0
2024,0,0,0,0
3512,1,1,0,1
2532,0,0,0,0
3640,0,0,0,0
129,1,1,1,1
6712,0,0,0,0
6460,0,0,1,0
5050,1,1,1,1
4665,0,0,0,0
4532,1,1,1,1
2434,1,1,1,1
4832,1,1,1,1
5451,0,0,0,0
6220,1,1,0,1
1922,1,1,1,1
7414,1,1,0,1
4959,0,1,1,1
2165,1,1,0,1
7523,0,0,0,0
1448,1,1,1,1
2121,1,1,1,1
6991,0,1,0,0
6533,0,0,0,0
152,0,0,1,0
2474,0,0,0,0
6976,0,0,0,0
1208,1,1,0,1
6369,0,0,0,0
907,1,1,0,1
4663,1,0,0,0
2063,0,1,1,1
524,1,1,0,1
7455,0,0,0,0
5072,1,1,1,1
2293,1,1,0,1
7116,0,0,0,0
3319,1,1,1,1
5402,1,1,0,1
2703,1,0,1,1
3903,1,1,1,1
5498,0,0,0,0
3829,1,0,0,0
2327,1,1,1,1
5221,1,1,1,1
5517,0,0,0,0
3692,0,0,0,0
5198,1,1,1,1
2742,0,1,1,1
6303,0,0,0,0
1484,1,1,1,1
3124,1,1,1,1
2764,1,1,1,1
426,1,1,1,1
4334,1,1,0,1
1115,1,1,1,1
988,1,1,1,1
6412,0,0,0,0
681,1,1,1,1
4240,1,1,1,1
3757,1,0,0,0
3711,1,1,0,1
5911,0,0,0,0
6818,0,0,0,0
3933,0,0,0,0
5153,1,1,0,1
407,1,1,1,1
2665,1,0,0,0
6272,0,0,0,0
117,1,0,0,0
3536,0,0,0,0
5828,0,0,0,0
773,0,0,0,0
7026,0,0,0,0
4269,1,1,0,1
4874,0,1,1,1
6374,0,0,0,0
445,1,1,1,1
2019,1,1,1,1
3235,1,1,1,1
4380,1,1,0,1
4795,1,0,0,0
4221,0,1,0,0
5770,0,0,0,0
7457,0,1,1,1
4504,0,0,0,0
1818,1,1,1,1
227,1,1,1,1
3716,0,0,0,0
7568,0,0,0,0
4983,1,0,0,0
6101,0,0,1,0
601,1,1,1,1
6660,1,0,1,1
7578,1,0,1,1
5884,0,0,0,0
3296,1,1,1,1
6114,1,1,0,1
5306,0,1,0,0
93,1,1,1,1
6397,0,0,0,0
5393,0,0,0,0
5739,1,0,0,0
5782,1,1,1,1
4238,1,1,1,1
7349,0,0,0,0
7600,0,0,0,0
1841,1,1,0,1
2862,1,0,0,0
6413,0,0,0,0
337,1,1,0,1
84,1,1,1,1
5332,0,0,0,0
4147,0,0,1,0
5435,0,1,0,0
2462,1,1,1,1
6565,0,0,0,0
4895,0,1,0,0
1056,1,1,1,1
203,1,1,1,1
5183,1,1,1,1
376,1,0,0,0
2303,1,1,1,1
1659,1,1,1,1
6393,1,1,1,1
6433,1,0,1,1
3562,0,0,0,0
868,1,1,0,1
3374,1,1,1,1
2315,1,1,1,1
1822,1,1,0,1
2008,0,1,1,1
2290,1,1,1,1
6926,0,0,0,0
3914,1,1,0,1
4054,0,0,0,0
2072,1,1,0,1
1177,1,1,1,1
7402,0,0,0,0
4158,1,1,1,1
6495,1,1,1,1
6432,0,0,0,0
4853,1,1,0,1
5307,1,1,0,1
3661,1,1,1,1
5954,1,1,1,1
4273,1,1,1,1
4525,0,0,0,0
4989,1,1,1,1
4690,0,0,0,0
1071,1,1,1,1
537,1,1,0,1
1350,1,1,1,1
3079,1,1,1,1
4217,0,1,0,0
5453,1,1,0,1
5783,0,0,0,0
7456,0,1,1,1
6798,0,0,0,0
6197,1,1,0,1
6095,0,0,0,0
923,1,1,1,1
4290,1,1,1,1
2492,1,1,1,1
7562,0,0,0,0
2269,1,1,1,1
6988,0,0,0,0
4460,1,1,1,1
1285,1,1,1,1
6941,1,1,1,1
7620,1,0,0,0
382,1,1,1,1
2510,1,0,0,0
4357,1,0,0,0
6875,0,0,0,0
1929,0,0,0,0
5649,0,1,1,1
5250,1,1,0,1
1061,1,0,0,0
7593,0,0,0,0
6523,0,0,0,0
2284,0,0,0,0
431,1,1,0,1
2423,1,1,0,1
6352,0,0,0,0
5567,0,0,0,0
4403,0,0,0,0
1336,1,0,1,1
1138,1,0,1,1
5659,0,0,0,0
1597,1,1,1,1
101,1,1,1,1
796,1,0,0,0
5711,0,0,0,0
2173,1,1,1,1
4821,1,1,0,1
7461,0,1,0,0
3248,1,1,1,1
7308,1,1,1,1
3528,1,1,0,1
256,0,0,0,0
6502,0,0,0,0
7154,0,0,0,0
3098,0,1,1,1
6184,0,0,0,0
70,0,0,0,0
1282,1,1,1,1
3273,1,1,0,1
2741,1,1,1,1
2481,0,0,0,0
1920,1,1,0,1
4328,0,1,1,1
5874,0,0,0,0
7174,0,0,0,0
5842,0,0,0,0
7127,1,1,1,1
4224,1,0,0,0
5975,1,1,1,1
4200,1,0,0,0
2806,1,1,1,1
6458,0,0,0,0
5571,1,1,1,1
1777,1,1,1,1
4184,1,1,0,1
457,1,1,1,1
4303,1,1,1,1
6999,1,1,1,1
3876,0,1,0,0
2353,0,1,1,1
273,1,1,1,1
774,1,1,1,1
7347,0,0,0,0
5582,1,1,1,1
1414,1,1,0,1
1116,1,0,0,0
766,0,0,0,0
5340,0,1,1,1
913,0,0,0,0
5937,1,1,1,1
2363,1,1,1,1
504,1,1,0,1
5556,1,1,1,1
2417,0,0,0,0
1020,1,1,1,1
4678,0,1,0,0
6671,1,0,1,1
6643,1,1,1,1
6018,0,0,0,0
5367,0,0,0,0
3141,0,0,0,0
2362,1,1,1,1
2180,1,1,1,1
4566,0,1,0,0
1587,1,1,1,1
4855,0,0,0,0
1927,1,1,1,1
2845,0,1,1,1
4657,0,1,0,0
4284,0,1,1,1
6061,0,0,0,0
6587,0,0,0,0
3330,1,1,1,1
4600,1,0,0,0
1778,1,0,0,0
5635,0,0,0,0
2528,0,0,0,0
5670,0,0,0,0
7532,0,0,0,0
6469,1,0,0,0
1418,1,1,1,1
4765,1,1,1,1
2058,1,1,1,1
5832,1,0,0,0
4196,1,1,0,1
506,1,1,1,1
4274,0,0,0,0
2866,1,0,0,0
3214,1,1,1,1
2755,0,1,0,0
64,1,1,1,1
4425,1,1,1,1
6341,0,0,0,0
408,0,1,1,1
1798,1,1,1,1
5350,1,1,0,1
4559,0,0,0,0
1246,1,0,1,1
5322,0,1,0,0
4823,1,1,0,1
1953,1,0,0,0
1908,1,1,0,1
3797,1,1,1,1
2942,0,0,0,0
4087,1,0,0,0
5455,0,0,0,0
3388,1,1,1,1
4122,1,1,0,1
4498,1,1,1,1
1370,1,1,1,1
2289,0,0,0,0
769,1,1,1,1
7423,1,1,1,1
1968,0,1,1,1
1906,1,0,1,1
3685,1,1,1,1
6557,0,0,0,0
7439,0,0,0,0
1498,1,1,1,1
7323,0,1,0,0
4739,1,1,1,1
2729,1,1,1,1
887,0,1,0,0
2341,1,1,1,1
3285,1,1,1,1
5516,1,1,1,1
1410,1,1,1,1
2922,0,0,0,0
7210,0,0,0,0
1743,1,1,0,1
3468,1,1,0,1
6110,1,1,1,1
4374,1,1,0,1
956,1,0,1,1
7294,0,0,1,0
4339,1,0,0,0
2373,0,1,0,0
1582,1,1,1,1
6022,0,0,0,0
2977,1,1,1,1
1977,1,1,1,1
756,0,0,0,0
7146,0,0,0,0
6524,0,1,0,0
6907,1,0,0,0
3850,0,1,0,0
6980,0,0,0,0
1462,1,1,1,1
4436,0,1,0,0
848,1,1,1,1
2082,1,1,1,1
3734,1,0,0,0
4676,1,1,1,1
1505,1,1,1,1
1649,1,1,1,1
3659,1,1,0,1
5157,0,0,0,0
5844,0,0,0,0
5876,0,1,0,0
4343,1,1,0,1
3632,0,0,0,0
5069,0,0,0,0
2425,1,1,1,1
3398,1,1,0,1
5817,0,0,0,0
3403,1,1,1,1
5209,0,1,0,0
1496,1,1,1,1
6799,1,1,1,1
6781,1,0,0,0
4309,0,0,0,0
3939,1,1,1,1
338,1,1,1,1
7597,0,0,0,0
3727,0,1,0,0
2485,0,0,1,0
5222,0,0,0,0
4701,1,0,0,0
1672,1,0,0,0
560,0,0,0,0
4839,1,0,0,0
6961,0,0,0,0
904,0,1,1,1
3126,1,1,1,1
4297,0,0,0,0
6738,0,0,0,0
3520,1,1,1,1
6116,0,0,0,0
4554,1,1,1,1
2403,1,1,1,1
4970,0,0,1,0
5863,0,0,0,0
190,1,1,1,1
5025,0,0,0,0
1933,1,1,1,1
4530,0,0,0,0
1703,0,0,0,0
2473,1,1,1,1
5980,1,1,1,1
3291,1,1,0,1
5932,0,0,0,0
7333,1,0,0,0
4512,0,0,0,0
5326,1,1,1,1
2116,1,1,1,1
6084,0,0,0,0
2994,1,0,1,1
41,1,1,1,1
2959,1,1,0,1
3668,1,1,0,1
2179,1,1,1,1
6786,0,0,0,0
2643,1,1,1,1
3569,1,1,0,1
6518,0,0,0,0
4509,0,0,0,0
2567,0,1,0,0
6726,0,0,0,0
5108,0,1,1,1
2843,1,1,1,1
1364,1,1,1,1
6124,0,0,0,0
1664,1,1,0,1
4996,1,1,1,1
1655,1,1,1,1
5754,1,1,0,1
5897,0,0,0,0
3808,1,0,0,0
5070,1,1,0,1
4541,1,0,0,0
2157,1,1,1,1
1962,1,1,1,1
2948,1,0,0,0
6756,1,0,0,0
4282,1,1,0,1
7504,0,0,0,0
5186,0,1,1,1
4474,1,0,0,0
7225,1,0,0,0
1289,1,1,0,1
1753,0,0,0,0
1023,1,1,1,1
6117,0,0,0,0
4165,0,1,1,1
7488,0,1,1,1
3,1,1,1,1
444,1,1,1,1
1344,1,1,1,1
6826,1,1,1,1
5889,1,1,1,1
4627,0,0,0,0
4997,0,0,0,0
5880,1,1,1,1
3320,1,1,1,1
2139,0,0,1,0
5448,0,0,0,0
7470,1,0,0,0
1979,1,1,1,1
791,0,0,0,0
6166,1,0,1,1
1323,1,1,0,1
930,1,0,0,0
6986,0,0,0,0
3792,0,0,0,0
6529,1,1,0,1
5868,0,0,1,0
7180,0,0,0,0
6130,0,0,0,0
5900,0,0,0,0
4152,0,0,0,0
1593,1,1,1,1
2662,0,1,0,0
4522,0,0,0,0
2925,1,1,1,1
3402,1,1,0,1
7354,0,0,0,0
5587,0,0,0,0
6034,0,0,0,0
2086,1,1,1,1
4099,1,1,0,1
6744,0,0,0,0
2486,0,1,1,1
5314,1,1,1,1
1934,1,1,1,1
802,0,1,1,1
938,1,1,1,1
1959,0,1,1,1
1670,1,1,1,1
4928,1,1,0,1
7417,0,0,0,0
1044,1,0,0,0
2200,1,1,0,1
5188,0,0,0,0
779,1,0,0,0
4539,0,0,0,0
366,1,1,1,1
1773,1,1,1,1
5419,0,0,0,0
7197,0,0,0,0
4172,1,1,1,1
933,1,1,1,1
1885,1,1,1,1
3806,0,0,0,0
4894,1,1,0,1
3070,1,1,0,1
5543,0,0,0,0
4754,0,0,0,0
7271,1,1,0,1
136,1,1,1,1
3643,0,0,0,0
192,1,1,1,1
5736,0,1,0,0
5881,1,1,1,1
3967,0,0,0,0
2970,1,1,0,1
2264,0,0,1,0
2131,0,0,0,0
2383,0,0,0,0
277,0,0,0,0
5219,1,1,1,1
6065,0,0,0,0
2857,1,1,1,1
4913,1,1,1,1
5178,1,1,0,1
2736,1,1,1,1
1551,1,1,1,1
753,1,1,1,1
4635,1,1,0,1
3732,1,1,1,1
6510,0,0,0,0
1114,1,1,1,1
7281,0,0,0,0
3099,1,1,0,1
6327,0,0,0,0
5514,0,0,0,0
2307,1,1,1,1
6785,0,0,0,0
1609,0,1,0,0
1888,1,0,1,1
220,1,1,0,1
304,1,1,1,1
6031,0,0,0,0
1275,1,1,1,1
6198,0,0,0,0
5210,0,1,0,0
7548,1,0,0,0
4395,0,0,0,0
470,1,1,1,1
4829,0,0,0,0
20,1,1,1,1
2398,1,1,1,1
3597,0,0,0,0
3431,1,1,1,1
3459,1,1,1,1
4053,1,1,1,1
3313,1,1,1,1
3364,1,1,1,1
1048,1,1,0,1
1838,1,1,1,1
5994,1,1,0,1
7437,1,0,1,1
267,1,1,0,1
3140,1,1,1,1
54,1,0,0,0
7394,0,0,0,0
5238,0,0,0,0
2821,0,0,0,0
6599,0,0,0,0
1401,1,1,1,1
3048,1,1,1,1
121,1,0,0,0
4162,0,0,0,0
5495,0,1,1,1
1846,1,1,0,1
4422,0,0,0,0
4503,0,0,0,0
7454,0,0,0,0
1813,1,1,1,1
2789,1,0,0,0
5320,0,0,0,0
1313,1,1,1,1
7194,1,0,0,0
4544,0,0,0,0
2522,1,1,1,1
3125,0,0,0,0
5840,0,0,0,0
3521,0,0,0,0
5666,1,0,1,1
1126,1,1,1,1
820,0,0,0,0
2976,1,1,1,1
1417,1,1,1,1
782,1,0,0,0
6354,0,0,0,0
2891,1,1,1,1
3080,1,1,1,1
5149,0,0,0,0
1296,1,0,0,0
4831,1,1,0,1
3045,1,1,0,1
4042,1,1,1,1
2937,1,1,0,1
7168,1,1,0,1
3557,1,1,1,1
5165,1,1,0,1
3337,1,1,1,1
6342,0,0,1,0
5482,0,0,0,0
4860,1,1,1,1
2240,0,0,1,0
6915,0,0,0,0
6778,1,1,0,1
2416,1,1,0,1
3949,1,0,0,0
4638,0,0,0,0
342,0,0,0,0
4673,1,1,1,1
1249,1,0,0,0
7567,0,0,0,0
5392,0,0,0,0
3885,1,0,0,0
1860,1,1,0,1
5031,0,0,0,0
1046,1,1,1,1
1184,1,1,1,1
952,1,1,1,1
5983,1,1,0,1
3953,1,1,1,1
4416,1,0,1,1
6630,0,0,0,0
6078,0,0,0,0
4995,1,1,1,1
5346,0,0,0,0
1232,1,1,1,1
664,1,1,1,1
2479,1,1,1,1
5218,0,0,0,0
672,1,1,0,1
1849,1,1,1,1
6362,1,1,1,1
6035,0,0,0,0
950,1,1,1,1
3710,1,1,1,1
4793,1,1,1,1
7147,0,0,0,0
994,0,1,1,1
5630,0,1,1,1
1190,0,1,0,0
4844,1,0,0,0
1352,1,0,0,0
5530,0,0,0,0
4418,0,1,0,0
2688,1,0,1,1
1679,1,1,1,1
2298,0,0,0,0
7218,0,0,0,0
3742,1,0,0,0
1130,0,0,0,0
3103,0,1,1,1
4819,0,0,0,0
6276,0,0,0,0
3105,1,1,1,1
5397,0,0,0,0
5970,1,1,0,1
2590,1,1,0,1
4002,1,1,1,1
6119,0,0,1,0
1901,1,1,1,1
5266,0,0,0,0
3145,1,1,1,1
2188,0,1,0,0
5166,0,0,0,0
806,1,1,1,1
213,1,1,0,1
1291,1,1,1,1
2743,1,0,0,0
2272,1,1,0,1
1855,1,0,0,0
5798,0,0,0,0
7377,0,0,0,0
205,1,0,0,0
550,1,1,1,1
2007,0,1,0,0
3219,1,1,1,1
7192,0,0,0,0
5060,1,0,0,0
2668,1,1,1,1
3110,1,1,0,1
3301,0,0,0,0
4911,1,1,1,1
1882,1,1,1,1
6290,1,0,0,0
3409,1,1,0,1
5407,1,1,1,1
2552,1,1,1,1
7246,1,1,0,1
2093,1,1,1,1
359,1,1,0,1
884,0,0,0,0
6771,0,0,0,0
86,1,1,1,1
7029,0,0,0,0
2999,1,1,1,1
695,1,1,1,1
5794,1,1,0,1
1378,1,1,0,1
3002,1,1,1,1
3029,1,1,1,1
2095,1,1,0,1
5950,0,0,0,0
5008,0,1,0,0
2178,1,1,1,1
3733,0,1,0,0
3681,1,1,1,1
3205,1,1,1,1
4346,0,0,0,0
4341,1,1,0,1
6424,0,0,0,0
1710,0,0,0,0
5176,0,0,0,0
3821,0,1,1,1
879,1,0,0,0
658,1,1,1,1
5804,0,0,0,0
4421,1,0,0,0
4227,1,1,1,1
6359,1,0,1,1
3369,1,1,1,1
2279,1,1,1,1
5177,0,1,0,0
6140,0,0,0,0
2767,1,1,1,1
471,0,0,0,0
3158,0,0,0,0
2900,0,0,0,0
3627,1,1,1,1
509,1,1,0,1
2129,1,1,1,1
2339,1,1,0,1
427,0,0,0,0
7313,0,0,0,0
2012,1,1,1,1
703,1,0,0,0
2258,0,0,0,0
6858,1,1,1,1
6540,1,1,1,1
1234,1,1,1,1
7604,0,0,0,0
7160,0,0,0,0
6296,0,0,0,0
4296,1,0,0,0
6943,0,0,0,0
2186,1,0,0,0
7453,0,0,0,0
2585,1,0,0,0
5775,0,0,0,0
364,1,1,1,1
3698,1,0,1,1
2886,1,0,0,0
5752,1,1,0,1
2443,1,1,1,1
6277,0,0,0,0
7044,0,0,0,0
326,1,1,1,1
3547,1,1,0,1
3873,0,0,0,0
6346,1,1,0,1
4670,1,1,1,1
7374,0,0,0,0
1512,1,1,1,1
6908,1,1,1,1
3610,1,1,1,1
7144,0,0,0,0
3553,1,1,0,1
871,1,1,1,1
2875,1,0,0,0
3920,1,1,1,1
3897,1,1,0,1
6958,0,0,0,0
1481,1,1,1,1
3646,0,0,0,0
1191,1,1,0,1
2190,1,1,1,1
4700,0,1,0,0
521,1,0,0,0
4483,0,1,0,0
2639,1,1,1,1
1024,1,1,1,1
7111,0,0,0,0
6258,0,0,0,0
6218,1,0,1,1
132,1,1,0,1
7040,0,0,0,0
7363,0,0,0,0
2812,0,0,0,0
1216,1,1,1,1
282,1,1,1,1
583,1,0,0,0
3514,1,0,0,0
1745,1,1,1,1
1731,1,1,1,1
775,1,1,1,1
5837,0,0,0,0
4602,0,0,0,0
4082,0,1,0,0
3239,0,0,0,0
5882,0,0,0,0
2872,1,0,1,1
3856,1,1,0,1
4692,0,0,0,0
2505,0,0,0,0
3372,1,1,1,1
4922,1,1,1,1
2282,1,1,1,1
6225,0,0,0,0
4083,1,1,1,1
6233,0,0,0,0
4954,0,0,0,0
325,1,1,1,1
6929,1,1,1,1
5109,1,1,0,1
3592,1,1,1,1
2246,1,1,1,1
3591,0,1,0,0
491,1,1,1,1
7264,1,1,1,1
2687,0,0,0,0
4292,0,0,0,0
1578,1,1,1,1
1205,1,1,1,1
3607,1,1,0,1
6365,0,0,0,0
1074,0,1,1,1
1956,1,1,1,1
4438,0,0,0,0
5609,0,0,0,0
3077,1,1,1,1
790,1,1,1,1
4636,0,0,0,0
6485,1,1,1,1
6877,0,0,0,0
6874,0,0,0,0
2771,1,1,1,1
5718,0,1,1,1
4470,1,1,1,1
5965,0,0,0,0
4429,1,1,1,1
2971,1,1,0,1
1543,1,1,1,1
3898,1,1,1,1
4361,0,0,0,0
4034,1,1,1,1
7549,0,0,0,0
462,1,0,0,0
5603,1,1,1,1
1891,1,1,1,1
5895,0,0,0,0
1603,1,1,1,1
5464,0,0,0,0
2629,1,0,0,0
1487,1,1,0,1
1806,1,0,0,0
4371,0,1,0,0
546,1,1,1,1
371,1,1,1,1
2294,1,1,0,1
2006,1,1,1,1
4304,1,1,0,1
2859,1,1,1,1
1692,1,1,1,1
859,0,0,0,0
3438,1,1,1,1
6672,1,1,0,1
6301,1,1,1,1
6154,0,0,0,0
7089,0,0,0,0
6866,1,1,0,1
6743,0,0,0,0
2658,1,1,0,1
1572,0,0,0,0
422,1,1,1,1
1433,1,1,1,1
3774,0,1,1,1
5724,0,0,0,0
2610,1,1,0,1
1852,1,1,1,1
799,1,1,0,1
6181,0,0,0,0
6239,1,1,1,1
6315,0,1,1,1
4786,0,0,0,0
4774,0,0,0,0
4535,0,0,0,0
4564,0,0,0,0
1425,1,1,1,1
2436,1,1,0,1
3611,1,1,1,1
7579,1,0,0,0
5812,0,0,0,0
6859,0,0,0,0
3293,1,1,1,1
4543,0,0,0,0
4151,1,1,0,1
834,1,1,1,1
5626,0,0,0,0
1277,1,1,1,1
7493,0,1,1,1
1809,1,1,1,1
6837,0,0,0,0
2103,1,0,0,0
6113,1,1,0,1
2447,1,1,1,1
4847,0,0,0,0
4607,0,1,0,0
3548,1,1,1,1
984,1,0,0,0
2280,1,1,1,1
1396,1,1,0,1
1109,1,1,1,1
611,1,0,1,1
5059,0,0,0,0
6295,0,0,0,0
1099,1,1,1,1
1483,1,1,0,1
4050,1,1,1,1
6128,0,0,1,0
6289,1,1,1,1
4973,0,0,0,0
6089,1,1,1,1
976,1,1,1,1
3072,1,1,1,1
2135,1,1,1,1
74,1,1,1,1
5858,0,1,1,1
6,1,1,0,1
1535,1,1,0,1
2909,0,1,1,1
2428,0,1,0,0
739,1,1,1,1
2484,1,1,1,1
6398,0,0,0,0
1877,1,0,0,0
7490,1,0,0,0
7038,0,1,0,0
6474,0,0,0,0
3312,0,0,0,0
634,1,1,1,1
1923,1,1,1,1
405,1,1,0,1
728,0,1,0,0
6713,1,1,1,1
4940,1,1,1,1
5713,0,0,0,0
7373,1,1,1,1
3747,1,1,0,1
7285,1,1,0,1
253,1,1,0,1
918,0,1,1,1
5271,0,0,0,0
7522,0,0,0,0
517,1,1,1,1
4477,0,1,0,0
7378,1,0,0,0
2679,0,0,0,0
7222,1,1,0,1
3973,1,1,1,1
3601,1,1,1,1
3743,1,1,0,1
1006,1,1,0,1
4694,1,1,1,1
4547,1,1,0,1
3563,0,1,0,0
3637,1,0,0,0
7619,1,1,0,1
2078,1,1,1,1
186,1,1,1,1
772,0,0,0,0
514,1,1,0,1
476,1,1,1,1
4220,0,0,0,0
4412,1,1,1,1
1339,1,1,1,1
2261,1,1,1,1
4990,0,0,0,0
6179,1,1,1,1
2418,1,1,0,1
5328,0,0,0,0
983,1,1,0,1
4219,1,1,0,1
811,1,1,1,1
2983,0,0,0,0
1376,1,1,1,1
3168,1,1,1,1
6396,0,0,0,0
4514,0,0,0,0
5653,0,0,0,0
7223,0,0,0,0
2509,1,1,1,1
3913,1,1,1,1
7544,0,0,0,0
1673,1,1,1,1
313,1,1,1,1
4630,0,0,0,0
6210,1,1,0,1
1793,1,1,1,1
3511,0,1,0,0
1893,1,1,1,1
4378,0,0,0,0
4761,1,1,1,1
4109,0,1,0,0
6010,0,0,0,0
2638,1,1,0,1
6406,1,0,0,0
1637,1,1,1,1
1012,1,1,1,1
2320,1,1,1,1
6722,0,0,0,0
3333,1,0,0,0
761,0,1,0,0
3019,1,1,1,1
7492,0,0,0,0
920,0,1,0,0
523,1,1,1,1
1913,1,1,0,1
2329,0,1,0,0
1244,1,1,1,1
3494,1,1,1,1
6939,1,1,1,1
174,1,1,1,1
5740,1,1,1,1
4590,1,1,1,1
2752,0,1,1,1
5637,1,0,0,0
244,1,0,0,0
6407,0,0,0,0
5295,0,0,0,0
924,1,1,1,1
5345,0,0,0,0
2143,1,1,1,1
2874,1,1,0,1
5706,0,0,0,0
3357,0,1,0,0
6684,1,1,0,1
4616,0,0,0,0
5749,1,0,0,0
3303,1,1,1,1
865,0,0,1,0
609,1,1,1,1
2920,1,1,1,1
439,1,1,1,1
4279,0,1,1,1
5920,0,0,0,0
2159,1,1,1,1
1681,1,1,1,1
5991,1,0,1,1
6508,0,0,0,0
631,0,1,0,0
6214,1,1,0,1
1491,1,0,0,0
3928,1,0,0,0
4317,0,0,0,0
1974,1,0,0,0
660,1,1,1,1
5697,0,0,0,0
2464,0,0,0,0
3073,1,0,0,0
7565,1,0,1,1
5462,0,1,1,1
4759,1,1,0,1
5936,0,0,0,0
5251,0,0,0,0
764,1,1,1,1
1435,1,1,1,1
135,1,1,1,1
822,1,1,1,1
6456,0,0,0,0
7416,1,1,0,1
4757,0,0,0,0
1354,0,0,0,0
6762,0,0,0,0
6372,0,0,0,0
6470,0,0,1,0
1732,1,1,1,1
5597,0,0,0,0
730,1,1,0,1
322,0,0,0,0
566,1,1,0,1
468,1,0,0,0
5833,0,0,0,0
2499,1,1,1,1
7289,1,0,0,0
6036,1,0,1,1
4709,1,1,1,1
5683,1,1,0,1
7231,0,0,0,0
2074,1,1,1,1
1268,1,1,0,1
6480,1,0,1,1
7359,1,0,0,0
3522,1,1,0,1
5887,0,0,0,0
306,1,1,1,1
3523,1,1,0,1
3321,1,1,1,1
6347,1,1,0,1
2321,1,1,1,1
1707,1,1,1,1
6674,1,1,1,1
2013,1,0,0,0
7056,0,0,0,0
262,0,1,0,0
1958,1,1,1,1
2623,0,1,0,0
5353,0,0,0,0
4204,1,1,0,1
1183,1,1,1,1
1225,1,1,1,1
3191,1,1,1,1
7337,0,1,1,1
3935,1,1,1,1
4846,1,1,0,1
396,1,1,0,1
2817,0,0,0,0
905,1,0,0,0
2390,0,0,0,0
1351,0,0,0,0
7317,0,0,0,0
437,1,0,1,1
3936,0,1,0,0
2260,1,1,0,1
4018,1,1,1,1
803,1,1,1,1
830,1,1,1,1
6776,1,1,0,1
2215,1,1,1,1
3211,1,1,1,1
126,0,0,1,0
7134,1,1,1,1
3311,1,1,1,1
1579,1,1,1,1
386,0,1,1,1
5787,1,1,1,1
785,1,1,1,1
176,1,1,0,1
292,0,0,0,0
1280,1,0,1,1
4927,0,0,0,0
293,1,1,0,1
2265,1,1,1,1
828,1,1,1,1
5289,0,1,1,1
1031,1,0,1,1
946,1,1,1,1
3270,1,1,0,1
4331,0,0,0,0
2565,1,0,0,0
3406,1,1,0,1
6205,1,1,1,1
5085,1,1,1,1
4352,0,1,0,0
605,1,0,0,0
4570,0,0,0,0
1557,1,1,1,1
2476,1,1,1,1
7110,1,1,1,1
2596,1,0,0,0
6451,0,1,0,0
489,1,1,0,1
5537,0,1,0,0
6796,0,0,0,0
7314,1,1,1,1
1399,0,0,0,0
3859,1,0,0,0
1784,1,1,1,1
1950,0,1,1,1
5949,0,0,0,0
4766,0,0,0,0
2429,1,1,1,1
7187,1,1,0,1
2721,1,1,0,1
7324,0,0,0,0
3857,1,0,0,0
7139,1,0,0,0
1231,1,1,1,1
3345,1,1,0,1
3448,0,0,0,0
1663,1,1,0,1
3089,0,0,0,0
6201,0,1,0,0
2719,1,1,0,1
2605,0,1,0,0
99,1,1,0,1
6627,0,0,0,0
4809,1,1,0,1
4016,1,1,1,1
345,1,1,1,1
4253,1,1,1,1
498,1,0,0,0
281,1,1,1,1
5076,0,0,0,0
3041,1,1,0,1
2187,0,0,0,0
4451,0,0,0,0
6235,0,0,1,0
4084,0,1,0,0
2720,1,0,0,0
3190,1,1,0,1
5335,0,0,0,0
7102,0,0,0,0
2,1,1,0,1
6175,0,0,0,0
4424,1,1,1,1
2972,1,1,1,1
567,1,1,1,1
7087,0,1,0,0
7268,0,0,0,0
3977,1,1,0,1
1799,1,1,1,1
1145,1,1,1,1
1489,1,1,0,1
3206,1,1,1,1
5934,0,0,0,0
5853,0,0,0,0
4466,1,1,1,1
3549,0,1,0,0
1294,1,0,0,0
5145,1,1,1,1
1716,1,1,1,1
307,1,1,1,1
721,1,1,1,1
3277,1,1,0,1
6238,0,0,0,0
3924,1,0,0,0
3704,1,0,0,0
5132,0,0,0,0
5546,0,0,0,0
6395,0,0,0,0
3987,0,0,0,0
3118,0,1,1,1
7340,1,0,1,1
6704,0,0,0,0
3622,1,1,1,1
765,1,1,0,1
3940,0,0,0,0
2292,0,1,0,0
7228,0,0,0,0
3525,1,1,1,1
5834,0,0,0,0
6550,0,0,0,0
4960,0,1,0,0
4950,0,0,0,0
130,1,1,1,1
7403,0,0,0,0
2163,1,1,1,1
2438,1,1,1,1
340,1,1,1,1
2805,1,1,1,1
3309,1,1,1,1
3529,0,1,0,0
4724,0,0,0,0
2908,1,1,1,1
1338,1,1,0,1
6514,1,1,1,1
5496,0,0,0,0
819,1,1,1,1
5478,0,0,0,0
4100,0,0,0,0
1449,0,1,0,0
5473,0,0,0,0
276,1,1,1,1
4342,0,0,0,0
2548,0,0,0,0
6543,0,0,0,0
7350,0,0,0,0
2171,1,1,1,1
4080,0,0,0,0
1051,1,0,0,0
2249,0,1,0,0
4259,1,1,1,1
4386,1,1,0,1
1515,1,1,0,1
6865,0,0,1,0
7327,0,1,1,1
7617,0,0,0,0
6966,1,1,1,1
7237,0,0,0,0
6363,0,0,0,0
4401,1,1,1,1
5731,1,0,0,0
3626,0,1,1,1
3911,0,1,0,0
2832,0,1,0,0
4662,1,1,0,1
1909,1,1,1,1
4771,1,1,0,1
5243,1,1,1,1
7538,0,1,0,0
4838,1,1,0,1
3860,1,1,0,1
2311,1,1,1,1
5488,0,0,0,0
1733,1,1,0,1
6169,1,1,1,1
4518,1,1,0,1
7198,0,0,0,0
2919,1,1,0,1
2554,1,1,1,1
1684,0,0,0,0
4476,0,0,0,0
6602,0,0,0,0
555,0,1,0,0
5899,1,1,0,1
7346,0,0,0,0
7276,1,1,0,1
3375,1,1,1,1
6584,0,0,0,0
2490,1,1,1,1
3047,1,1,1,1
6824,1,1,1,1
3851,1,1,0,1
2606,0,0,0,0
7043,0,0,0,0
6900,0,0,0,0
2262,1,1,0,1
4644,1,0,0,0
6637,0,1,1,1
2839,0,1,1,1
7341,0,0,0,0
1343,0,0,0,0
2796,1,1,1,1
3925,1,1,1,1
2813,1,0,0,0
1217,1,1,1,1
2918,0,0,0,0
3986,0,1,0,0
1917,1,1,1,1
128,0,0,0,0
6682,1,1,0,1
6588,1,0,0,0
2518,1,1,1,1
1108,1,1,1,1
358,1,0,1,1
2784,0,0,1,0
7045,1,1,0,1
5039,0,0,0,0
5410,1,1,1,1
7624,1,0,0,0
3832,0,0,0,0
2701,1,1,0,1
6159,0,0,1,0
594,1,1,1,1
3025,1,0,0,0
2088,1,1,1,1
5661,0,1,0,0
6679,0,0,0,0
4479,0,0,0,0
202,1,1,0,1
4979,0,0,0,0
367,1,1,1,1
5454,0,1,1,1
3215,1,1,1,1
4096,0,0,0,0
2400,1,1,1,1
2844,0,0,1,0
2799,0,1,0,0
5217,0,0,0,0
3332,1,1,1,1
3516,1,1,1,1
3881,1,0,0,0
2181,0,1,1,1
4215,0,0,0,0
5057,0,0,0,0
4698,1,0,0,0
252,1,1,1,1
2759,0,1,0,0
5231,0,0,0,0
3238,1,1,1,1
4545,0,0,0,0
1450,1,1,1,1
2819,1,1,0,1
1011,1,1,1,1
2556,1,1,1,1
6168,0,0,0,0
5313,0,0,0,0
4824,1,1,1,1
5716,0,0,0,0
3809,1,1,0,1
4457,0,0,0,0
2693,1,0,0,0
3397,1,1,1,1
5323,1,1,0,1
1429,1,1,0,1
2408,0,0,0,0
903,1,1,1,1
7011,1,0,1,1
6918,0,0,0,0
7064,1,1,0,1
1236,1,1,1,1
4606,0,1,0,0
4517,0,0,0,0
1001,0,0,0,0
6500,0,0,0,0
5617,0,0,0,0
1796,1,1,1,1
942,1,1,1,1
49,1,1,1,1
893,1,1,0,1
7201,1,0,0,0
740,1,0,0,0
5441,0,0,0,0
2906,0,1,0,0
6862,0,0,1,0
3693,0,0,0,0
4248,0,1,0,0
239,1,0,0,0
1610,1,1,1,1
496,1,0,1,1
2161,1,1,1,1
5814,0,0,0,0
7062,1,1,1,1
7514,0,0,0,0
3198,0,1,0,0
1053,1,1,1,1
6531,0,0,0,0
2958,1,1,1,1
4881,1,1,1,1
1153,1,0,1,1
4952,0,0,0,0
3910,1,1,1,1
3961,1,1,1,1
725,0,1,1,1
6924,1,1,0,1
5870,1,1,1,1
104,1,1,0,1
7398,1,0,1,1
5043,0,0,0,0
5807,1,1,1,1
6096,0,0,0,0
474,1,0,0,0
7167,1,0,1,1
1689,1,1,1,1
7046,1,0,0,0
4078,0,0,0,0
1199,1,1,1,1
223,1,0,0,0
1645,0,0,0,0
874,1,1,0,1
5652,1,0,0,0
6323,1,1,0,1
6386,0,0,0,0
3496,0,1,1,1
265,0,0,0,0
4301,0,1,0,0
5616,1,1,0,1
1740,1,1,0,1
7362,0,0,1,0
2011,1,1,0,1
179,1,1,1,1
6416,1,1,1,1
1980,1,1,0,1
2048,1,1,1,1
3700,0,1,1,1
2939,0,0,0,0
1033,1,1,1,1
4332,0,1,0,0
2513,1,0,0,0
7405,0,0,0,0
1308,1,0,0,0
2046,1,1,1,1
809,1,1,1,1
5391,0,0,0,0
5904,0,1,1,1
858,1,1,1,1
5078,0,0,0,0
2206,0,0,0,0
7494,0,0,0,0
2096,1,1,1,1
6004,0,0,1,0
7431,0,0,0,0
2984,0,0,0,0
3302,0,0,0,0
687,1,0,1,1
3245,1,1,1,1
6690,0,0,0,0
3223,1,1,1,1
1283,1,1,1,1
1493,1,0,0,0
221,1,1,1,1
4131,0,0,0,0
1203,1,1,1,1
6080,0,0,1,0
4237,0,0,0,0
5244,0,0,0,0
4723,0,0,0,0
3620,1,0,0,0
374,1,1,1,1
87,0,1,0,0
3728,1,1,0,1
5187,0,0,0,0
6729,1,1,1,1
5286,1,1,0,1
5312,0,0,0,0
5691,0,1,0,0
6284,0,0,0,0
4074,0,0,0,0
4146,1,1,0,1
4211,0,0,1,0
4611,1,1,1,1
2954,1,1,1,1
3558,0,0,0,0
5308,1,1,0,1
6454,0,0,0,0
7573,0,1,1,1
2375,0,0,0,0
1954,1,1,1,1
2381,0,0,0,0
6959,1,0,0,0
4932,0,0,0,0
4150,0,1,1,1
4179,1,1,1,1
5905,0,0,0,0
4617,0,0,0,0
5771,0,0,0,0
5625,0,0,0,0
1154,1,1,1,1
3735,0,0,0,0
3456,1,1,0,1
1994,1,1,0,1
558,1,1,1,1
6681,0,0,0,0
5577,0,1,0,0
7627,1,0,0,0
5225,0,0,0,0
6174,1,0,1,1
6063,0,0,0,0
2022,0,1,1,1
5311,0,0,0,0
4003,1,0,1,1
4435,0,0,0,0
6609,0,0,0,0
3537,1,1,1,1
495,0,0,0,0
6189,0,0,0,0
6192,0,0,0,0
2887,1,1,1,1
5077,0,0,0,0
5066,0,0,0,0
3882,0,1,0,0
6337,0,0,0,0
6212,0,0,0,0
7572,1,1,1,1
4529,1,0,0,0
4329,0,1,0,0
3066,1,1,1,1
4935,0,1,0,0
2563,1,1,1,1
3858,1,1,1,1
2969,0,0,0,0
4256,1,0,0,0
3472,1,1,1,1
3325,1,1,0,1
1226,0,0,0,0
518,1,1,0,1
1839,1,1,0,1
3133,1,1,1,1
1677,1,0,0,0
156,1,1,1,1
286,1,1,1,1
4622,1,1,1,1
4864,1,1,0,1
6583,0,1,0,0
15,1,1,1,1
6562,0,0,0,0
3598,0,0,0,0
3810,0,1,0,0
2524,1,0,0,0
4268,0,1,0,0
2997,1,1,0,1
6833,0,1,1,1
6977,0,0,0,0
3131,1,1,1,1
6780,1,0,1,1
6207,1,0,1,1
6196,0,0,0,0
1782,1,0,0,0
4258,1,0,0,0
2982,0,0,0,0
4428,1,1,1,1
4552,1,0,0,0
5614,0,0,0,0
3063,1,1,0,1
2573,1,1,0,1
5067,0,0,0,0
1016,1,1,1,1
4511,0,0,0,0
659,0,0,0,0
7183,0,0,0,0
5813,0,0,0,0
925,1,1,1,1
6938,1,1,1,1
5477,0,1,1,1
5468,0,0,0,0
5877,0,0,0,0
2125,1,1,1,1
1151,0,0,0,0
1328,0,0,0,0
7109,0,0,0,0
2357,1,1,0,1
1087,1,1,1,1
4030,0,0,0,0
1172,1,1,0,1
2300,1,1,1,1
3979,1,1,0,1
1766,1,0,0,0
5852,0,0,0,0
6030,0,0,0,0
3130,1,1,1,1
2297,1,1,1,1
1717,1,1,1,1
4307,1,1,1,1
317,0,0,0,0
6558,0,0,0,0
7509,0,0,0,0
1131,1,1,1,1
42,1,1,1,1
7609,1,0,0,0
4994,1,1,1,1
6434,0,0,1,0
592,0,1,0,0
2256,0,0,0,0
4210,0,0,0,0
6216,0,0,0,0
2331,0,1,0,0
5958,0,0,0,0
2054,1,1,1,1
584,1,1,0,1
1545,1,0,0,0
5854,0,0,0,0
5973,0,0,0,0
3243,1,1,1,1
6753,0,0,0,0
3507,1,0,0,0
73,1,1,0,1
5985,1,1,1,1
3690,0,1,1,1
2626,0,1,0,0
5429,0,1,0,0
1932,1,1,1,1
4046,0,0,0,0
748,1,1,1,1
5112,1,0,1,1
5021,0,0,0,0
2581,0,0,0,0
5758,0,0,0,0
6517,1,1,1,1
5990,1,1,1,1
5107,0,0,0,0
3662,0,0,0,0
1010,1,1,1,1
1931,1,1,1,1
7202,0,0,0,0
2772,1,1,1,1
975,1,1,1,1
525,1,1,1,1
603,0,0,1,0
667,1,0,0,0
6689,1,1,1,1
7479,0,0,0,0
4955,1,1,1,1
1868,1,1,1,1
44,1,1,1,1
7429,1,1,1,1
3289,1,1,1,1
257,0,1,0,0
6099,0,0,0,0
7272,0,0,0,0
2620,1,0,0,0
2094,1,1,1,1
5792,1,1,1,1
4032,1,1,1,1
3751,1,1,1,1
3429,1,1,0,1
5902,1,0,0,0
4679,0,0,0,0
6136,0,0,0,0
5730,0,0,0,0
6852,0,1,0,0
3889,0,0,0,0
3060,1,1,1,1
6808,0,0,0,0
7082,1,0,0,0
5199,0,1,0,0
6481,1,1,1,1
1319,1,1,1,1
1035,1,1,1,1
6974,0,0,0,0
744,1,1,1,1
4551,1,1,1,1
481,1,1,1,1
3085,0,1,1,1
5848,1,1,0,1
418,1,1,1,1
5144,1,1,1,1
4164,1,1,0,1
4038,1,1,1,1
6150,0,0,0,0
4612,0,0,1,0
7339,1,0,0,0
5442,0,0,0,0
5935,1,1,0,1
4398,0,0,0,0
2154,1,1,1,1
965,1,1,1,1
5001,0,0,0,0
6665,0,0,0,0
3152,1,1,1,1
882,1,1,1,1
5378,1,1,0,1
5594,0,0,0,0
7381,1,0,0,0
1594,1,1,0,1
7072,1,1,0,1
7036,0,0,0,0
7135,1,1,1,1
3418,1,1,0,1
5017,0,0,0,0
4097,1,0,0,0
1907,1,1,1,1
6955,1,1,0,1
4978,0,0,0,0
7063,0,0,0,0
3777,0,1,1,1
690,0,1,0,0
4280,0,1,1,1
4153,1,0,0,0
4686,1,1,1,1
4519,0,0,0,0
5200,0,1,0,0
7001,0,0,0,0
1559,1,1,1,1
3688,1,0,1,1
4088,0,1,0,0
7101,0,0,0,0
1176,1,1,1,1
3008,1,1,0,1
4464,0,1,0,0
3656,1,1,0,1
6468,0,0,0,0
490,1,1,1,1
3752,0,0,0,0
4135,0,0,0,0
1345,1,1,1,1
6717,0,0,0,0
6478,0,0,0,0
7071,0,0,0,0
251,1,1,1,1
5013,1,1,1,1
4797,0,0,0,0
7399,0,0,0,0
3509,1,1,1,1
1215,1,1,1,1
6368,0,0,0,0
4802,1,1,1,1
2448,1,1,0,1
368,1,1,0,1
4884,1,1,1,1
6082,0,0,0,0
3719,1,1,1,1
6389,0,0,0,0
676,1,1,0,1
4810,0,0,0,0
207,0,0,0,0
6203,1,0,0,0
6979,0,0,0,0
3005,1,0,0,0
3241,0,1,0,0
6146,1,0,0,0
1658,1,1,1,1
4214,1,1,1,1
1004,1,1,0,1
7090,0,0,0,0
2550,1,1,1,1
1739,1,1,0,1
4966,1,1,1,1
6736,0,0,0,0
1165,1,1,1,1
1060,0,0,0,0
3527,1,1,1,1
643,1,0,0,0
3244,0,1,1,1
5128,0,0,0,0
5385,1,1,1,1
5211,0,0,0,0
2065,1,1,1,1
5562,0,0,0,0
2924,0,0,0,0
2547,1,1,1,1
3976,1,0,0,0
234,1,1,0,1
3042,1,1,1,1
5976,0,0,0,0
2726,1,1,1,1
6545,1,0,0,0
2257,1,1,1,1
5424,0,0,0,0
6077,0,0,0,0
6288,0,0,0,0
3269,0,1,0,0
2795,0,0,0,0
6375,0,0,0,0
4834,1,0,0,0
7361,0,0,0,0
7230,0,0,0,0
6580,0,0,0,0
4170,0,1,1,1
4695,0,0,0,0
1326,1,1,0,1
2210,0,0,0,0
699,1,0,0,0
391,0,0,1,0
2849,1,0,0,0
7529,0,1,1,1
232,1,1,1,1
218,1,1,0,1
1315,1,1,1,1
6635,0,0,0,0
888,1,0,1,1
4060,0,0,0,0
4295,0,1,1,1
6423,0,0,0,0
6256,0,0,1,0
4092,1,1,1,1
13,0,0,0,0
6772,0,1,1,1
6942,1,1,1,1
891,0,0,0,0
3149,1,1,0,1
3340,1,1,1,1
6532,0,0,1,0
5316,1,1,1,1
7616,0,0,0,0
1473,1,1,1,1
3455,1,1,1,1
2350,0,0,0,0
6222,1,1,1,1
5175,0,0,0,0
3196,1,1,1,1
6784,0,0,0,0
155,1,1,0,1
5246,0,0,0,0
3107,1,1,1,1
1633,1,1,1,1
4936,1,1,0,1
7179,1,1,0,1
7164,1,0,0,0
625,1,0,1,1
288,1,1,0,1
6280,1,1,0,1
2123,1,0,0,0
1865,1,0,1,1
3160,1,1,1,1
4423,1,1,0,1
3046,1,1,0,1
6632,0,0,0,0
6371,0,0,0,0
4537,0,1,0,0
805,1,1,1,1
3210,1,1,1,1
692,0,1,0,0
1789,1,1,1,1
3038,0,1,0,0
5329,0,0,0,0
543,0,0,1,0
742,1,1,1,1
5443,0,0,0,0
4173,0,0,0,0
7275,0,0,0,0
7540,1,1,0,1
7240,0,0,0,0
6336,1,1,1,1
829,1,1,1,1
3666,1,1,0,1
381,1,1,0,1
4014,1,1,0,1
4469,1,0,0,0
1674,1,1,1,1
2204,1,1,0,1
3606,0,1,0,0
494,0,0,0,0
7608,1,1,0,1
3602,1,0,0,0
477,1,1,0,1
646,1,0,1,1
6387,0,0,0,0
6727,0,0,0,0
6850,1,1,0,1
2253,0,0,0,0
5425,0,0,0,0
4783,0,1,0,0
5708,1,1,0,1
1309,1,1,1,1
4807,1,1,1,1
4961,1,1,1,1
1620,1,1,1,1
2144,0,0,0,0
5389,1,1,1,1
2915,1,1,0,1
473,1,1,0,1
1823,1,1,1,1
3684,0,0,0,0
3101,0,0,0,0
4407,0,0,0,0
6879,0,0,0,0
2378,0,1,0,0
1630,1,1,1,1
1940,1,0,1,1
1464,1,1,1,1
2387,1,1,1,1
6995,0,0,0,0
4649,0,0,0,0
2899,1,1,0,1
3938,1,0,0,0
926,1,0,1,1
2852,1,1,1,1
2176,1,1,1,1
4041,0,0,0,0
5823,0,0,0,0
1421,0,0,0,0
5981,0,0,0,0
6215,0,0,0,0
4427,0,1,1,1
6989,1,1,1,1
1356,1,1,1,1
1837,1,1,1,1
3284,0,0,0,0
2045,1,1,1,1
7033,1,1,0,1
5331,0,0,0,0
4340,1,1,0,1
1788,1,1,1,1
6334,0,1,0,0
106,1,1,1,1
2901,0,1,0,0
6749,1,1,0,1
5309,1,1,1,1
5632,0,0,0,0
2196,1,1,1,1
2820,0,0,0,0
3779,1,1,1,1
2952,1,0,0,0
5459,0,0,0,0
4977,0,1,0,0
2923,0,0,0,0
2027,1,1,1,1
7583,0,0,0,0
5829,0,0,0,0
5612,0,0,0,0
3934,1,1,0,1
977,0,1,1,1
1763,1,1,1,1
981,1,1,1,1
1119,1,0,0,0
6155,0,0,0,0
2837,1,1,0,1
5777,1,0,0,0
6513,0,0,0,0
1327,1,1,1,1
4628,0,0,0,0
2549,0,1,0,0
4790,1,1,0,1
6107,0,0,0,0
6024,0,0,0,0
1760,1,1,1,1
3484,0,1,1,1
4719,0,0,1,0
5230,0,0,0,0
6821,0,0,0,0
7159,1,1,1,1
2964,1,1,1,1
5656,0,0,0,0
6224,0,0,0,0
7438,1,1,1,1
1687,1,1,0,1
4857,1,1,1,1
4794,0,0,0,0
2965,0,0,0,0
2621,0,0,0,0
1988,1,1,1,1
447,1,1,1,1
4022,0,0,0,0
4272,1,1,0,1
6325,0,0,0,0
4805,0,0,0,0
4065,0,0,0,0
5239,0,0,0,0
6654,0,0,0,0
6444,0,0,1,0
389,1,1,1,1
6945,0,0,0,0
6021,0,0,0,0
1127,0,1,0,0
2333,1,1,1,1
808,0,0,0,0
6494,0,0,0,0
2439,1,1,1,1
6787,0,0,0,0
7331,1,1,0,1
1568,1,0,0,0
2670,1,0,1,1
4613,1,1,0,1
7413,1,0,0,0
3878,0,0,0,0
6195,1,1,1,1
424,1,0,1,1
7010,0,0,0,0
7242,0,0,0,0
1413,1,1,1,1
423,1,1,1,1
6098,0,0,0,0
2616,1,1,0,1
5809,0,0,0,0
6217,0,0,0,0
2869,1,0,1,1
3307,1,1,1,1
1040,0,0,0,0
4870,1,1,1,1
2000,1,1,1,1
6446,1,1,0,1
2637,1,0,0,0
5559,0,1,0,0
6234,0,0,0,0
3838,0,1,0,0
4360,0,0,0,0
997,1,1,1,1
3677,0,0,1,0
7599,1,1,1,1
7131,0,1,0,0
1947,1,1,1,1
3674,1,1,1,1
4197,1,1,1,1
2833,1,0,0,0
7075,0,0,0,0
3721,0,0,0,0
6032,0,0,0,0
3950,0,0,0,0
486,1,0,0,0
4335,1,1,1,1
6307,0,0,0,0
1638,1,1,1,1
5040,1,1,1,1
733,1,0,0,0
5471,0,1,1,1
6711,0,0,0,0
3382,1,1,1,1
287,1,1,1,1
4281,0,1,0,0
7199,1,0,0,0
715,1,1,1,1
3855,0,1,1,1
3460,1,0,1,1
7338,0,0,0,0
6269,1,0,0,0
854,1,1,1,1
2615,0,0,0,0
4879,1,1,1,1
4183,1,1,1,1
246,1,0,1,1
1029,1,1,1,1
1553,1,1,0,1
5943,0,0,0,0
5538,1,0,1,1
3435,0,1,0,0
6554,1,1,1,1
7447,1,1,1,1
5647,0,0,0,0
4660,1,1,0,1
7307,0,0,0,0
7629,0,0,0,0
7592,0,0,0,0
5662,0,1,0,0
7066,1,1,1,1
3837,0,1,1,1
2205,1,1,1,1
2607,1,0,0,0
2746,1,0,0,0
6400,0,0,0,0
2807,1,1,0,1
6260,0,0,0,0
3272,1,1,0,1
2654,1,1,1,1
6043,0,0,0,0
600,1,1,1,1
4312,1,1,0,1
6891,1,1,1,1
5490,1,1,1,1
323,1,1,1,1
2627,0,0,1,0
4132,1,0,0,0
6074,0,0,0,0
2080,1,1,1,1
37,1,1,1,1
652,1,1,0,1
1265,1,1,1,1
5553,1,1,0,1
7140,0,0,0,0
2202,0,0,0,0
4024,1,1,1,1
390,1,0,0,0
6037,0,0,0,0
5055,0,0,0,0
732,1,1,0,1
5765,0,1,1,1
4349,1,1,1,1
4835,0,1,0,0
3233,0,1,0,0
5885,1,0,0,0
5007,0,1,0,0
3635,1,1,0,1
1320,1,1,1,1
5184,1,1,1,1
3169,1,1,0,1
6624,0,0,0,0
2334,0,1,1,1
442,1,1,1,1
263,1,1,0,1
3847,1,0,1,1
1554,1,1,0,1
3081,0,1,0,0
6909,0,0,0,0
3762,1,0,1,1
7409,1,1,0,1
6892,0,1,0,0
4048,0,0,0,0
3775,1,1,1,1
5467,0,0,0,0
5098,0,0,0,0
812,1,1,1,1
6675,0,0,0,0
4492,1,1,1,1
2304,1,1,1,1
4202,0,1,1,1
3937,0,0,0,0
2299,1,1,1,1
2718,1,1,1,1
2407,1,1,0,1
3996,1,1,0,1
4057,1,1,0,1
6871,0,1,0,0
4735,0,0,0,0
4889,0,1,0,0
1261,1,1,1,1
4241,1,0,0,0
2902,1,0,1,1
2052,1,1,1,1
2758,1,1,0,1
1129,1,0,1,1
6012,0,1,0,0
5766,0,0,0,0
2926,1,0,0,0
3619,1,1,0,1
6870,0,0,0,0
1446,1,1,1,1
2040,1,1,0,1
1814,1,1,1,1
3766,1,1,1,1
3075,1,1,1,1
3387,1,1,1,1
780,1,1,1,1
2516,1,0,1,1
7049,1,1,0,1
7441,0,0,0,0
6408,0,0,0,0
4252,1,1,1,1
6242,1,1,0,1
898,0,0,0,0
2441,1,1,1,1
2050,1,1,1,1
6267,0,0,0,0
2725,1,1,1,1
2071,1,1,1,1
5336,0,1,0,0
2432,1,1,1,1
4646,1,1,1,1
2744,1,0,0,0
6160,1,1,0,1
3764,0,0,0,0
4634,1,1,1,1
4007,1,1,1,1
139,1,1,1,1
749,1,1,1,1
1423,1,1,0,1
1260,1,1,1,1
763,0,0,0,0
3297,1,1,0,1
1103,1,1,1,1
4904,0,0,0,0
195,1,1,1,1
6143,0,0,0,0
6254,0,0,1,0
7117,0,0,0,0
2540,0,0,0,0
6812,1,1,1,1
6657,1,0,0,0
3844,1,1,1,1
5778,1,0,0,0
3982,1,0,0,0
3730,1,1,1,1
5819,0,1,0,0
4061,0,0,0,0
6917,0,0,0,0
7070,1,1,0,1
1555,1,1,0,1
3177,0,0,0,0
1000,1,1,1,1
6475,0,0,0,0
6953,0,0,0,0
7261,0,0,0,0
7003,0,0,0,0
2973,1,1,0,1
2308,1,1,0,1
5291,1,0,0,0
2870,1,1,0,1
6769,1,0,0,0
6505,1,1,1,1
2566,1,1,0,1
493,1,1,1,1
850,0,0,0,0
3395,1,1,1,1
1899,0,1,1,1
1697,0,0,0,0
6559,1,1,1,1
2199,1,1,1,1
2883,0,0,0,0
2980,1,1,1,1
5262,1,0,0,0
3997,1,1,1,1
3854,1,1,1,1
2727,1,1,1,1
2232,1,1,1,1
4079,0,0,0,0
3154,1,1,1,1
4266,0,0,0,0
6248,1,1,1,1
1969,1,1,1,1
6910,0,0,0,0
845,0,0,0,0
4185,0,0,0,0
6856,0,0,0,0
5287,1,0,0,0
2032,1,1,0,1
2030,0,0,0,0
1871,1,1,1,1
5028,0,1,0,0
2802,1,1,1,1
4381,1,1,1,1
6512,0,0,0,0
7067,0,0,0,0
6563,0,0,0,0
5908,1,0,0,0
2270,1,1,1,1
3216,0,0,0,0
5967,0,0,0,0
2014,1,1,1,1
5791,1,1,0,1
1825,1,1,1,1
987,1,1,1,1
4548,0,0,0,0
5663,0,0,0,0
1941,1,1,1,1
7469,0,0,0,0
2487,1,1,1,1
6590,0,0,0,0
7425,1,1,0,1
5411,0,0,0,0
857,1,1,0,1
793,1,1,1,1
1250,1,1,1,1
5643,1,1,0,1
5229,0,0,0,0
679,1,1,1,1
3365,1,1,1,1
6538,0,0,0,0
1850,1,1,1,1
3988,1,0,0,0
2514,0,1,0,0
4666,1,1,1,1
6294,1,0,1,1
723,1,1,0,1
3803,1,1,1,1
3171,1,1,1,1
2306,1,1,1,1
7477,1,0,1,1
1666,1,1,1,1
3811,1,1,1,1
5710,0,0,0,0
7098,1,1,0,1
5491,0,0,0,0
3450,1,1,1,1
5366,0,0,0,0
302,1,1,1,1
3872,1,0,0,0
1214,1,1,1,1
6108,0,0,0,0
3341,1,1,1,1
4223,1,1,0,1
3725,1,1,1,1
6758,0,0,0,0
4815,0,0,0,0
751,0,1,0,0
291,1,1,1,1
6328,1,1,0,1
3658,0,0,0,0
6429,1,0,0,0
580,1,1,1,1
784,1,1,1,1
6642,0,0,0,0
3584,1,0,0,0
6279,0,0,0,0
7329,0,0,0,0
3623,1,1,0,1
4796,0,0,0,0
6641,0,0,0,0
4494,0,0,0,0
7073,0,0,0,0
270,1,1,0,1
540,1,1,1,1
3590,0,1,0,0
4836,0,0,0,0
2636,1,1,0,1
1580,1,1,1,1
3564,1,1,1,1
7589,0,0,0,0
7527,1,1,1,1
4896,1,1,1,1
2526,1,1,1,1
6846,0,0,0,0
6380,0,0,0,0
1366,1,1,1,1
58,1,1,1,1
3518,1,1,1,1
5102,1,1,1,1
2995,1,1,1,1
1987,1,0,1,1
5815,0,0,0,0
6161,0,0,0,0
4842,0,0,0,0
2064,1,1,0,1
880,1,1,1,1
5361,0,1,0,0
2057,1,1,1,1
1626,1,0,0,0
2287,1,1,1,1
4385,0,0,0,0
3791,0,0,0,0
2738,0,1,0,0
3343,1,1,1,1
1775,0,1,0,0
5195,0,0,0,0
5479,0,0,0,0
1018,1,1,0,1
467,1,0,1,1
4447,0,1,1,1
6185,1,0,0,0
4116,0,0,0,0
4582,0,1,0,0
2237,1,1,1,1
1404,0,0,0,0
2037,1,1,1,1
6067,0,0,0,0
433,1,1,1,1
5447,1,1,1,1
5913,0,0,0,0
483,1,1,0,1
6050,0,0,0,0
5727,0,0,0,0
7204,0,0,0,0
3434,0,0,0,0
1092,1,1,0,1
3220,1,1,0,1
5605,0,0,0,0
6081,0,0,0,0
6667,1,1,0,1
31,0,1,1,1
1026,1,1,1,1
1795,1,1,0,1
5220,1,0,0,0
6023,0,0,0,0
5292,0,0,0,0
7450,0,0,0,0
2760,1,1,1,1
4021,1,1,0,1
7074,0,0,0,0
5192,1,1,1,1
6442,0,0,0,0
2846,1,1,1,1
3767,0,0,0,0
4865,1,1,1,1
2732,0,0,1,0
6848,0,0,0,0
1879,1,1,0,1
656,1,1,1,1
6088,1,0,1,1
2038,1,1,0,1
5167,1,0,0,0
6477,0,0,0,0
5174,1,1,0,1
2664,1,1,1,1
3975,0,0,0,0
978,1,1,1,1
243,1,0,0,0
1756,1,1,1,1
7484,0,0,0,0
452,0,0,0,0
236,1,1,1,1
5432,0,1,0,0
1314,1,0,1,1
7480,0,0,0,0
1426,1,1,0,1
2233,1,1,1,1
1926,1,1,1,1
3100,0,1,1,1
328,1,1,1,1
6982,1,1,1,1
7002,0,0,0,0
204,1,1,0,1
7510,0,0,0,0
5561,0,0,0,0
6948,0,0,0,0
2801,0,0,0,0
6601,0,0,0,0
2991,1,1,1,1
1641,1,1,1,1
697,1,1,1,1
3316,0,1,0,0
134,1,0,0,0
3327,1,1,1,1
4944,0,0,0,0
5118,1,0,0,0
3980,0,0,0,0
248,1,0,0,0
5623,0,1,0,0
4091,0,0,1,0
7037,1,1,1,1
361,1,1,1,1
4967,0,0,0,0
3828,0,0,0,0
7390,0,1,1,1
1340,1,1,1,1
3229,0,1,0,0
3628,1,1,0,1
3593,1,1,0,1
1102,0,0,1,0
4302,0,1,0,0
4905,0,1,0,0
855,1,1,1,1
5409,0,0,0,0
1826,1,1,1,1
2498,0,1,0,0
3907,1,1,1,1
1705,1,1,1,1
5878,1,1,0,1
2594,0,1,1,1
167,1,1,1,1
2372,0,0,0,0
4707,0,0,0,0
1303,1,1,1,1
5387,0,0,0,0
1647,1,1,1,1
4806,1,0,0,0
6226,0,0,0,0
2167,1,1,1,1
2889,0,1,0,0
2751,1,1,1,1
5063,0,0,0,0
7380,0,0,1,0
2070,0,1,1,1
1722,0,0,0,0
3018,1,0,0,0
823,1,1,1,1
2829,1,1,1,1
2595,1,0,0,0
5572,1,1,1,1
1675,1,1,1,1
3915,1,1,1,1
767,1,1,1,1
6135,0,0,0,0
922,1,1,1,1
6548,0,0,0,0
5867,0,0,0,0
4633,0,1,0,0
3530,1,1,1,1
3034,1,0,0,0
5408,0,0,0,0
5242,0,1,0,0
3315,1,1,0,1
6219,0,0,0,0
2930,1,1,0,1
2347,1,1,1,1
5053,0,1,1,1
2456,1,1,1,1
5333,0,0,0,0
2850,1,1,0,1
3074,1,1,1,1
974,1,1,0,1
5558,0,0,0,0
5465,0,0,0,0
4062,1,0,0,0
4481,1,1,0,1
324,0,0,0,0
6574,0,0,0,0
7335,0,1,0,0
3877,1,0,0,0
4916,0,1,0,0
5557,0,0,0,0
1624,1,1,1,1
6313,1,1,1,1
6618,1,0,0,0
3506,1,1,1,1
2975,1,1,0,1
6600,0,0,1,0
877,1,1,0,1
7590,0,0,0,0
7474,1,0,0,0
4625,1,1,1,1
1878,1,0,0,0
5762,0,0,0,0
5873,1,0,0,0
1377,1,1,1,1
2757,1,1,0,1
6428,0,0,0,0
6165,0,0,0,0
7618,0,0,0,0
2656,1,1,1,1
5979,0,0,0,0
7533,1,1,1,1
5129,0,0,0,0
4828,1,0,0,0
6696,1,1,0,1
5398,0,0,0,0
7472,0,1,1,1
1409,1,1,1,1
6041,0,0,0,0
1170,1,1,0,1
1188,1,1,1,1
7602,0,0,0,0
6404,0,0,0,0
1342,0,0,0,0
402,1,1,1,1
6367,0,0,0,0
5584,0,0,0,0
3234,1,1,0,1
5898,1,1,0,1
3554,1,1,1,1
4639,1,1,1,1
182,1,1,1,1
4984,0,0,0,0
3453,0,0,0,0
1652,1,0,1,1
6157,1,1,0,1
2625,1,1,0,1
3420,1,1,1,1
1863,1,1,1,1
5296,0,0,0,0
2981,1,1,0,1
2634,1,1,1,1
3120,1,1,1,1
2309,1,1,0,1
5633,0,0,0,0
3782,0,0,0,0
6621,1,1,1,1
6740,0,1,0,0
412,1,1,0,1
1359,1,1,1,1
1113,0,0,0,0
2335,1,1,1,1
2646,1,1,1,1
6162,1,1,1,1
5337,1,0,0,0
384,1,1,1,1
7148,0,0,0,0
123,1,1,1,1
1486,1,1,1,1
4856,0,0,0,0
3634,0,0,0,0
4171,1,1,1,1
4160,0,1,0,0
1036,1,1,0,1
6430,0,0,0,0
6625,1,0,0,0
1169,1,1,1,1
7513,0,1,0,0
4137,1,1,0,1
3679,1,1,0,1
2224,0,0,0,0
4347,1,1,1,1
3817,1,0,0,0
2442,1,1,1,1
3436,1,1,1,1
1223,1,0,0,0
1750,0,0,0,0
2989,1,1,1,1
1600,1,1,0,1
2700,1,0,0,0
6401,0,0,0,0
2126,1,1,1,1
2828,1,1,0,1
6581,0,0,0,0
2835,1,0,0,0
321,1,1,1,1
6622,0,0,0,0
1657,1,1,1,1
4610,1,1,1,1
5971,0,0,0,0
613,1,1,1,1
172,1,1,1,1
7031,0,0,0,0
4453,0,1,0,0
7376,0,1,0,0
4645,0,0,0,0
1730,1,1,0,1
2104,1,1,1,1
2910,1,1,0,1
1434,0,0,0,0
4854,1,0,0,0
5037,0,0,0,0
6816,0,0,0,0
3416,1,1,1,1
563,1,1,1,1
940,1,0,0,0
1654,1,1,1,1
2878,1,1,1,1
4779,0,1,1,1
6141,0,0,0,0
7321,1,0,0,0
4300,0,1,0,0
7601,0,0,0,0
4776,1,1,1,1
5822,1,1,1,1
1469,1,1,1,1
6104,0,0,0,0
4945,1,1,0,1
2355,1,1,0,1
1938,1,1,1,1
3568,0,1,1,1
3363,1,1,0,1
5264,0,1,0,0
7330,0,1,0,0
1389,1,1,1,1
4725,0,0,0,0
6191,1,1,1,1
1163,1,1,1,1
4976,1,1,1,1
7177,0,0,0,0
4168,1,1,0,1
1708,1,1,1,1
5068,0,0,0,0
3201,1,1,0,1
827,1,1,1,1
1271,1,1,1,1
3052,1,1,1,1
2640,1,0,0,0
4318,0,1,1,1
5886,0,0,0,0
5650,1,0,0,0
6227,1,1,1,1
708,0,1,0,0
5917,0,0,1,0
5501,0,1,0,0
4365,1,1,1,1
7260,0,0,0,0
460,1,1,1,1
3951,0,0,0,0
4591,1,1,1,1
6569,1,1,0,1
6450,0,0,0,0
1757,0,0,0,0
1213,0,1,1,1
2618,0,0,0,0
5684,0,0,0,0
1738,1,1,1,1
5365,1,1,0,1
3430,1,1,1,1
998,0,0,0,0
7125,0,0,0,0
6887,0,0,0,0
869,1,1,1,1
5729,0,1,0,0
1067,1,1,1,1
694,1,1,1,1
168,1,1,1,1
2831,1,1,1,1
2275,1,1,0,1
4110,0,0,0,0
886,1,1,1,1
411,1,1,1,1
5534,0,0,0,0
3883,1,1,1,1
1892,1,1,1,1
1117,1,1,1,1
5103,1,0,0,0
1786,1,1,1,1
2635,1,1,0,1
7448,0,0,0,0
5458,0,0,0,0
908,1,1,1,1
673,1,1,1,1
6881,1,1,1,1
3567,1,1,1,1
3912,1,1,1,1
2632,1,1,1,1
5142,0,0,0,0
6329,0,0,0,0
6547,0,0,0,0
3765,0,1,0,0
2739,1,0,0,0
6552,0,1,0,0
2266,1,1,1,1
4584,1,1,1,1
1921,1,1,1,1
1523,1,1,1,1
6542,0,0,0,0
4138,1,1,0,1
1288,0,0,0,0
2122,1,1,1,1
4930,1,0,0,0
3834,1,1,1,1
2364,0,1,0,0
2667,1,0,0,0
2192,1,1,1,1
5000,0,0,0,0
6079,0,0,0,0
1614,1,1,1,1
5660,0,0,0,0
4052,1,1,0,1
5494,0,0,0,0
4985,0,1,1,1
191,1,1,0,1
2641,0,0,0,0
6213,0,0,0,0
6302,0,0,0,0
7138,1,1,1,1
5317,1,1,1,1
5034,0,0,0,0
6615,0,0,0,0
539,1,1,1,1
5427,1,1,0,1
6648,1,0,0,0
6934,1,1,1,1
1015,1,1,0,1
7092,0,0,0,0
7212,1,1,0,1
3673,0,0,0,0
1854,0,0,0,0
214,1,1,1,1
6659,0,0,0,0
2694,1,1,1,1
4206,0,0,0,0
666,1,1,1,1
2055,1,1,1,1
5285,1,0,0,0
171,1,1,1,1
1577,1,0,0,0
388,1,1,1,1
1321,0,1,0,0
308,0,0,0,0
3705,1,1,0,1
7170,0,0,0,0
3697,1,1,1,1
5348,1,1,1,1
5599,0,1,1,1
5125,1,1,1,1
6589,0,0,0,0
7486,0,0,0,0
7157,1,0,0,0
2029,1,1,1,1
7124,0,0,0,0
1207,1,1,1,1
6318,0,0,0,0
620,0,1,1,1
7576,0,0,0,0
479,0,0,0,0
5507,1,1,1,1
6719,0,0,0,0
7086,1,1,0,1
1408,1,1,1,1
4499,0,0,0,0
2079,1,1,0,1
7013,0,1,0,0
7320,0,0,0,0
4756,0,0,0,0
3231,1,1,1,1
2168,1,1,1,1
817,1,1,1,1
6013,0,0,0,0
4112,1,1,1,1
2786,1,0,0,0
522,1,1,1,1
5414,0,0,0,0
416,1,1,0,1
662,1,1,1,1
3212,1,1,1,1
5224,0,0,0,0
2085,1,1,0,1
2056,1,1,1,1
927,1,1,1,1
3271,0,0,0,0
1805,1,0,1,1
2716,1,1,0,1
6028,0,0,0,0
7430,1,1,1,1
4578,0,0,0,0
7060,1,1,1,1
5915,1,0,0,0
4958,0,1,1,1
3204,0,0,0,0
334,1,1,1,1
2723,0,1,0,0
7553,0,0,0,0
6914,1,1,0,1
4143,1,1,0,1
2388,1,1,1,1
797,1,1,0,1
3788,1,1,0,1
7482,0,0,0,0
6266,1,0,1,1
5360,0,0,0,0
6566,0,0,1,0
6453,1,1,1,1
5508,0,0,0,0
1267,1,1,1,1
6819,0,0,0,0
6840,0,0,0,0
4218,1,1,1,1
2557,1,1,1,1
1367,1,1,0,1
939,1,1,1,1
4133,0,1,1,1
1269,1,1,1,1
7206,0,0,0,0
2808,1,1,0,1
5235,0,0,0,0
4337,0,1,0,0
1251,1,1,1,1
4849,0,0,0,0
2208,1,1,1,1
7612,0,1,0,0
2207,1,1,0,1
264,1,1,1,1
6649,1,1,1,1
6851,0,1,0,0
5083,1,1,1,1
4130,0,0,0,0
2102,1,1,1,1
1041,1,1,1,1
6992,0,0,0,0
4549,0,0,0,0
5121,0,0,0,0
4199,0,0,0,0
5563,1,0,0,0
6928,1,0,0,0
6790,1,1,1,1
6965,0,0,0,0
878,1,1,1,1
7057,0,0,0,0
1897,1,1,1,1
1944,1,1,1,1
3984,1,1,1,1
2699,0,0,0,0
5788,0,0,0,0
4775,1,1,0,1
758,0,1,1,1
962,1,1,1,1
6867,0,0,0,0
7083,0,1,0,0
3227,0,1,1,1
2542,0,0,0,0
1533,1,1,1,1
4538,0,0,0,0
6676,1,0,0,0
2449,1,1,1,1
5033,0,0,0,0
5961,0,0,0,0
1748,1,1,1,1
6745,0,0,0,0
6968,0,0,0,0
3467,1,0,0,0
821,1,1,1,1
5301,1,1,1,1
3056,1,1,1,1
792,1,1,1,1
7106,1,0,0,0
400,1,1,1,1
170,1,1,1,1
3581,1,1,1,1
3665,1,1,0,1
2803,0,0,0,0
3917,1,1,0,1
1507,1,0,0,0
5681,1,0,1,1
3172,0,1,1,1
4798,0,1,0,0
675,1,1,1,1
5206,0,0,0,0
7093,0,0,0,0
3604,0,0,0,0
2106,0,0,0,0
3138,1,1,1,1
966,1,1,1,1
3633,1,1,0,1
4720,1,1,1,1
7610,1,1,1,1
2884,0,0,0,0
5380,0,0,0,0
6417,0,0,0,0
2223,1,1,1,1
2823,1,1,0,1
294,1,1,0,1
2861,1,1,1,1
3651,0,0,0,0
2932,1,1,1,1
7634,0,0,0,0
4811,0,1,0,0
5568,0,0,0,0
4568,0,1,0,0
6617,0,0,0,0
5019,0,1,1,1
1967,1,1,1,1
5374,0,0,0,0
4906,0,0,1,0
487,1,1,1,1
2361,1,1,0,1
1335,1,1,1,1
4963,0,0,0,0
3613,1,1,0,1
954,1,1,0,1
6804,0,0,0,0
7247,0,0,0,0
2597,1,1,1,1
3167,1,1,1,1
4861,0,0,0,0
770,1,1,1,1
2558,0,0,0,0
5094,0,1,1,1
6364,0,0,0,0
5275,0,0,0,0
2365,1,1,1,1
1256,1,1,1,1
449,1,1,1,1
6834,0,0,0,0
1567,1,1,1,1
7521,1,1,1,1
4000,0,0,0,0
3998,0,0,0,0
4128,1,1,1,1
2310,1,1,1,1
7055,0,1,1,1
5487,1,0,0,0
1161,1,0,0,0
4962,0,0,0,0
6732,1,0,0,0
6330,0,0,0,0
4203,1,1,1,1
23,1,0,0,0
4784,1,1,1,1
7525,0,0,0,0
5047,0,0,0,0
2259,0,1,0,0
2683,0,1,1,1
6411,1,1,1,1
1669,1,1,1,1
3225,1,0,0,0
6716,0,0,0,0
5856,0,0,0,0
3981,1,1,1,1
3715,0,0,0,0
2047,1,1,0,1
3281,1,0,1,1
1472,1,1,1,1
1300,1,1,1,1
5032,0,0,0,0
159,1,1,1,1
1248,1,1,1,1
1895,1,1,1,1
7241,1,0,0,0
1311,1,1,1,1
3109,1,1,1,1
6807,1,0,0,0
2985,0,0,0,0
4974,1,0,0,0
3501,0,1,0,0
618,1,0,0,0
6572,0,0,0,0
63,1,1,1,1
661,1,1,1,1
1834,1,1,0,1
1563,1,1,0,1
6768,1,1,0,1
1066,1,1,0,1
2028,1,0,0,0
1548,1,1,0,1
3410,1,1,1,1
4409,0,1,0,0
278,1,0,0,0
3723,1,1,0,1
7420,1,0,0,0
2003,1,1,1,1
3295,0,1,0,0
2536,1,1,0,1
2344,0,1,1,1
5499,0,1,0,0
34,1,1,1,1
970,1,0,0,0
5267,0,1,0,0
133,1,0,1,1
5938,1,0,0,0
2814,0,0,0,0
6765,0,0,0,0
5939,1,1,1,1
752,1,1,1,1
497,1,1,1,1
56,1,1,1,1
2267,1,1,0,1
7249,1,1,1,1
4071,0,0,0,0
2551,0,0,0,0
6544,1,1,0,1
7104,0,0,0,0
2834,1,1,1,1
2120,1,1,0,1
6598,0,0,0,0
4040,1,1,1,1
704,1,1,1,1
3283,1,1,1,1
4878,1,1,0,1
2203,1,1,1,1
356,1,1,1,1
7412,0,0,0,0
6860,1,1,1,1
1368,1,1,1,1
2236,1,1,1,1
3493,1,1,1,1
1287,1,1,1,1
7382,0,0,0,0
6573,1,0,0,0
4075,1,1,0,1
6527,0,0,0,0
3150,1,1,1,1
1325,1,0,0,0
4163,0,1,1,1
1252,1,1,0,1
1880,1,1,0,1
5461,0,1,0,0
450,1,1,1,1
759,1,1,1,1
2430,0,1,0,0
12,1,1,1,1
846,1,0,0,0
7598,0,1,1,1
2342,1,1,1,1
5645,1,1,1,1
6777,1,1,1,1
3833,0,0,0,0
5162,1,1,1,1
4431,0,0,0,0
369,1,1,1,1
6449,0,0,0,0
4898,1,1,1,1
2091,1,1,1,1
6774,1,1,1,1
6920,0,0,0,0
6379,0,0,0,0
5096,1,1,0,1
731,0,1,1,1
7475,1,1,1,1
1278,1,1,1,1
4251,1,1,0,1
4326,0,0,0,0
6268,0,0,0,0
1301,1,1,1,1
3445,0,0,0,0
4265,0,0,0,0
4808,0,1,0,0
7584,1,0,1,1
7263,0,1,0,0
5395,0,1,1,1
4036,1,1,0,1
6016,1,1,1,1
6461,0,0,0,0
5824,0,0,0,0
5293,0,1,1,1
657,1,1,0,1
2174,0,1,0,0
678,0,0,0,0
3744,1,1,1,1
2856,0,0,0,0
6471,1,1,1,1
6964,0,1,0,0
1247,1,1,1,1
612,1,1,0,1
6828,0,0,0,0
32,0,0,0,0
4433,1,0,1,1
5189,0,0,0,0
6112,0,1,0,0
5757,0,0,0,0
4006,1,1,0,1
1091,1,0,0,0
2226,1,1,1,1
7508,0,0,0,0
3347,1,1,0,1
6120,0,1,0,0
4216,1,0,1,1
88,1,1,1,1
7190,1,1,1,1
3449,1,1,0,1
4313,0,0,0,0
3990,1,0,0,0
209,1,1,1,1
19,1,1,1,1
4051,1,0,0,0
4288,1,1,1,1
2745,0,1,1,1
4658,1,1,0,1
1362,1,1,1,1
1042,1,1,1,1
3745,1,1,1,1
5181,1,1,1,1
6467,0,0,0,0
1038,1,1,1,1
4763,0,0,0,0
741,1,1,0,1
714,1,1,1,1
3417,0,0,0,0
5273,0,0,0,0
7142,0,1,1,1
2198,0,0,0,0
5607,0,1,0,0
6308,1,1,0,1
3371,0,1,1,1
6748,1,1,1,1
6970,1,1,1,1
3076,1,1,1,1
3166,1,1,1,1
7255,0,0,0,0
6044,0,0,0,0
1387,1,1,1,1
3199,0,0,1,0
1565,1,1,0,1
7507,1,1,1,1
588,0,0,0,0
4205,0,0,0,0
435,1,1,1,1
150,1,1,1,1
5089,0,0,0,0
7304,1,1,0,1
1174,1,1,1,1
4212,0,0,1,0
4762,0,0,0,0
2571,1,1,1,1
1942,1,1,1,1
3546,1,1,1,1
1485,1,1,1,1
1960,1,1,1,1
3135,1,1,1,1
2506,1,1,1,1
1811,0,0,0,0
7112,0,0,0,0
4019,1,1,1,1
7152,1,1,1,1
279,1,1,1,1
30,1,1,0,1
5236,0,0,0,0
6839,1,1,1,1
4825,1,1,0,1
5608,1,0,0,0
7137,0,0,0,0
1538,0,0,0,0
1985,1,1,1,1
1946,0,0,0,0
2544,0,1,1,1
14,1,1,1,1
1680,1,1,1,1
7560,1,1,1,1
4988,0,1,1,1
6591,0,0,0,0
2197,1,1,0,1
1286,1,1,1,1
1385,0,0,0,0
1499,1,0,0,0
6057,0,0,0,0
4843,0,0,0,0
1575,1,1,0,1
4262,0,1,0,0
7426,0,0,0,0
2060,1,1,1,1
6795,0,0,0,0
628,1,1,1,1
2652,1,1,1,1
1307,1,1,1,1
2561,0,0,0,0
6488,0,0,0,0
6594,0,0,0,0
2990,1,0,0,0
7085,0,0,0,0
1412,1,1,1,1
6567,1,1,0,1
5560,0,0,0,0
2296,0,1,1,1
1887,0,0,1,0
6797,0,0,0,0
2987,1,1,1,1
5696,0,0,0,0
2222,1,0,0,0
2332,1,0,0,0
6878,1,1,1,1
2354,1,1,1,1
4144,0,0,0,0
360,0,1,1,1
3776,0,0,0,0
4448,0,0,0,0
3396,1,1,1,1
3425,1,1,1,1
7088,0,0,0,0
2248,1,1,1,1
3720,0,0,0,0
798,1,1,1,1
4434,0,1,0,0
738,1,0,0,0
1833,1,1,1,1
7397,0,0,0,0
3983,0,1,0,0
6236,0,0,0,0
6410,0,0,0,0
5921,0,1,1,1
2602,0,1,1,1
6519,0,0,0,0
5692,1,1,1,1
2661,0,1,0,0
4025,0,0,0,0
6285,0,0,0,0
2366,1,1,0,1
5022,0,0,0,0
26,1,1,1,1
5212,1,1,1,1
4437,0,1,0,0
746,1,1,0,1
1737,1,1,1,1
2051,1,1,1,1
4583,1,1,1,1
3800,0,0,0,0
3096,1,1,1,1
7489,0,1,1,1
6783,0,0,0,0
4675,1,1,1,1
883,1,1,1,1
7342,0,0,0,0
2440,1,0,0,0
2369,1,1,1,1
4,1,1,0,1
5190,0,0,0,0
7519,0,0,0,0
1599,1,1,1,1
7,1,1,1,1
4703,1,0,0,0
1331,1,1,0,1
6757,1,1,1,1
7006,1,0,0,0
4393,0,0,0,0
2986,1,1,1,1
180,1,1,1,1
2927,1,0,0,0
4788,0,1,1,1
1415,1,1,1,1
2268,1,1,1,1
6350,0,1,0,0
5685,1,1,1,1
4149,1,1,0,1
1149,1,1,1,1
3294,1,1,0,1
5728,1,0,0,0
1691,1,0,1,1
6014,0,0,0,0
1761,1,1,1,1
5179,1,1,1,1
4505,1,0,0,0
3247,1,1,1,1
5914,1,1,0,1
4070,0,1,0,0
3326,1,1,1,1
6052,0,0,0,0
1482,0,1,0,0
3022,1,1,1,1
6752,0,0,0,0
1062,1,0,1,1
2708,1,0,0,0
5857,0,1,0,0
3015,0,0,0,0
6936,0,0,0,0
4817,0,0,0,0
6211,0,0,0,0
4546,1,1,1,1
7389,1,0,1,1
6409,0,0,0,0
4166,1,1,0,1
3901,1,1,1,1
4680,0,0,0,0
97,1,0,0,0
1273,0,1,0,0
6963,0,0,0,0
5590,1,1,1,1
7155,1,1,0,1
5907,0,0,0,0
2101,1,0,0,0
1382,1,1,1,1
3773,0,0,0,0
5428,0,0,0,0
1560,1,1,0,1
1621,1,1,1,1
4571,1,1,0,1
1662,1,1,1,1
2943,1,1,1,1
415,1,0,0,0
575,1,1,1,1
6623,0,0,0,0
5064,0,0,0,0
6314,0,0,0,0
5150,1,1,1,1
6869,0,0,0,0
1870,1,1,1,1
299,0,0,0,0
1509,1,1,1,1
6896,1,1,0,1
3483,1,1,0,1
4072,0,1,0,0
5720,0,1,0,0
5376,0,0,0,0
677,1,1,1,1
1293,1,1,1,1
4081,0,0,0,0
6009,0,0,0,0
3729,0,1,0,0
2132,1,1,1,1
4379,0,0,0,0
5665,1,1,0,1
3036,1,1,1,1
685,1,1,1,1
5020,0,0,0,0
143,1,1,1,1
7577,1,0,0,0
2137,1,1,1,1
1211,1,1,0,1
6252,0,0,0,0
2945,1,1,1,1
4872,0,0,0,0
332,0,0,0,0
5774,1,0,1,1
6163,0,0,0,0
2612,1,1,0,1
1976,1,0,0,0
1347,1,1,1,1
5523,0,0,0,0
5669,0,0,0,0
4276,1,1,1,1
4127,0,0,0,0
5678,1,1,1,1
6490,0,0,0,0
7121,1,0,0,0
4493,1,1,1,1
4577,1,0,1,1
3780,0,1,0,0
536,1,1,1,1
5009,1,1,0,1
4623,1,0,1,1
3055,1,1,1,1
5156,0,1,0,0
2756,0,0,0,0
1420,1,0,1,1
76,1,1,1,1
3707,1,1,1,1
5550,1,0,0,0
4820,1,0,0,0
5996,1,1,1,1
4305,0,0,0,0
7506,0,0,0,0
4264,0,0,0,0
1503,1,1,1,1
4598,0,0,0,0
4105,1,1,1,1
724,1,1,0,1
2314,1,0,0,0
7392,0,0,0,0
6100,1,0,0,0
813,1,1,1,1
3128,1,1,0,1
4655,1,1,1,1
1221,1,1,1,1
7015,0,0,0,0
2374,0,1,1,1
2414,0,1,0,0
1914,1,1,0,1
196,1,1,1,1
274,1,1,1,1
188,0,0,0,0
598,1,1,1,1
5430,0,0,0,0
4969,1,0,0,0
1918,0,0,0,0
7166,0,0,0,0
5808,0,1,1,1
4372,0,1,1,1
5185,1,1,0,1
3902,1,1,1,1
6507,0,0,0,0
2702,1,1,0,1
5796,0,1,1,1
7034,1,1,1,1
4117,0,1,0,0
1982,0,0,0,0
3945,0,0,0,0
5785,1,1,0,1
1682,1,1,1,1
6106,0,0,0,0
4102,0,1,0,0
5963,0,1,0,0
5327,0,0,0,0
7175,0,0,0,0
3904,1,0,0,0
2678,1,1,1,1
7503,0,0,0,0
4980,1,1,1,1
222,1,1,0,1
7200,0,0,0,0
5768,0,0,0,0
2401,1,1,1,1
2467,1,1,1,1
2583,1,1,1,1
4903,0,0,0,0
200,1,0,1,1
943,1,1,1,1
5680,1,1,1,1
896,1,1,1,1
5795,0,0,0,0
776,1,1,1,1
4555,1,1,1,1
295,1,1,1,1
6741,1,1,1,1
1843,1,0,0,0
1192,1,0,1,1
5891,1,1,1,1
7424,0,0,0,0
1333,1,1,1,1
547,1,1,1,1
4364,1,1,1,1
7196,0,1,0,0
2907,0,0,0,0
3044,0,0,0,0
844,1,1,1,1
4247,0,0,0,0
2346,1,1,1,1
6054,1,1,0,1
5579,0,0,0,0
6692,0,0,0,0
1239,1,1,1,1
4685,1,1,1,1
66,1,1,1,1
6629,1,1,1,1
6678,0,0,0,0
4310,1,1,0,1
185,1,1,1,1
2865,0,0,0,0
2740,1,1,1,1
7552,1,0,0,0
1898,1,0,1,1
5799,0,0,0,0
572,1,1,1,1
5831,0,0,0,0
2075,1,1,1,1
2692,1,1,1,1
3746,1,1,0,1
3815,1,1,1,1
7312,0,0,0,0
4239,0,1,0,0
5818,0,0,0,0
5764,0,0,0,0
919,1,1,0,1
5269,1,0,0,0
3488,1,1,1,1
3237,1,1,1,1
4791,0,0,0,0
1530,1,0,0,0
5634,0,0,0,0
2201,1,1,1,1
3328,1,1,1,1
1480,1,1,1,1
5364,0,0,0,0
7587,0,0,0,0
5268,0,0,0,0
6243,0,0,0,0
3891,1,1,0,1
6876,1,0,0,0
2896,1,0,0,0
1043,1,1,0,1
549,1,1,1,1
2673,1,0,0,0
1050,1,1,0,1
1504,1,1,0,1
421,1,1,1,1
1539,1,0,0,0
2696,1,0,0,0
3155,0,0,0,0
5861,0,0,0,0
5412,1,0,0,0
2815,1,1,1,1
1494,1,1,1,1
5801,0,1,0,0
7238,0,0,0,0
6086,0,0,0,0
2395,0,1,0,0
3305,1,1,1,1
5789,0,0,0,0
1466,0,0,1,0
5120,0,0,0,0
4803,0,0,0,0
1776,1,1,1,1
4405,1,1,0,1
6651,0,0,0,0
6385,0,0,0,0
4399,1,1,1,1
3144,1,1,1,1
2690,1,1,1,1
5249,0,0,0,0
3134,0,1,1,1
3194,1,1,1,1
5968,0,1,0,0
7352,1,1,0,1
451,1,1,0,1
5097,0,0,0,0
1141,1,1,1,1
2698,1,1,0,1
935,1,1,1,1
4294,0,0,0,0
6750,1,1,0,1
3540,1,1,1,1
3137,1,0,0,0
6883,0,0,0,0
3161,1,1,1,1
644,0,0,0,0
7302,1,0,1,1
78,1,1,1,1
1644,1,1,0,1
7234,0,0,0,0
5849,0,0,0,0
635,0,0,0,0
269,1,1,1,1
6257,1,1,1,1
7611,0,0,0,0
3552,1,1,0,1
5826,1,1,0,1
4863,0,0,0,0
1828,0,1,1,1
1140,1,1,1,1
3638,1,0,0,0
4195,1,0,0,0
3003,0,0,0,0
3785,0,1,0,0
6720,0,0,0,0
4637,0,0,0,0
4188,1,1,0,1
1699,1,1,1,1
1072,1,1,1,1
1688,1,1,1,1
4902,1,1,1,1
5045,0,1,0,0
5835,0,0,0,0
1245,1,1,1,1
370,1,1,1,1
4480,1,1,1,1
5585,1,1,1,1
4039,0,0,0,0
1660,1,1,1,1
516,1,1,1,1
1808,1,1,1,1
3254,1,1,1,1
1488,0,0,0,0
1896,1,0,0,0
3159,1,1,1,1
6534,0,0,0,0
4596,1,0,0,0
5256,1,1,1,1
5234,0,0,0,0
7193,1,0,1,1
5091,0,0,0,0
1591,1,1,0,1
2860,1,0,0,0
5363,0,0,0,0
4702,1,1,0,1
5310,0,1,0,0
4093,1,1,0,1
593,1,1,1,1
5641,0,0,0,0
4208,0,1,0,0
4439,1,0,0,0
6383,0,0,0,0
3927,0,0,0,0
6373,0,1,0,0
4868,0,1,1,1
2015,1,1,1,1
3932,1,1,0,1
7355,0,0,0,0
1441,1,0,0,0
967,1,1,1,1
2172,1,1,1,1
542,1,1,1,1
1436,1,1,0,1
4213,0,0,0,0
7464,0,0,0,0
4850,0,0,0,0
4615,1,1,0,1
2647,1,1,1,1
1317,1,1,1,1
5492,0,0,0,0
3955,0,1,1,1
5154,1,1,1,1
5352,0,0,0,0
354,1,1,0,1
319,1,1,1,1
6954,0,1,1,1
3890,1,1,0,1
7311,1,1,1,1
2111,1,1,1,1
6085,0,0,0,0
3322,1,1,1,1
5405,0,0,0,0
3795,0,0,0,0
5388,1,1,1,1
2136,1,0,0,0
7251,1,1,0,1
530,1,0,0,0
4121,1,1,0,1
2459,1,1,0,1
3641,0,1,0,0
3657,1,0,0,0
5277,1,1,1,1
6129,0,0,0,0
630,1,1,1,1
4119,1,1,1,1
6090,1,1,1,1
610,1,1,1,1
7555,0,0,0,0
3153,1,1,1,1
1636,1,1,1,1
4508,0,0,0,0
1894,1,1,0,1
3292,1,1,1,1
2898,1,1,0,1
7284,0,0,0,0
1949,1,1,1,1
6661,0,0,0,0
3213,0,1,1,1
6997,0,0,0,0
5061,0,0,0,0
1562,1,1,1,1
5503,0,0,0,0
5552,0,0,0,0
5233,0,1,0,0
1355,1,1,0,1
602,1,1,1,1
4858,1,1,1,1
4892,0,1,1,1
5330,0,0,0,0
6187,0,0,0,0
1712,1,1,1,1
3470,1,1,1,1
1445,1,1,1,1
5715,0,1,1,1
3594,1,0,1,1
7391,0,1,0,0
2108,0,1,1,1
6687,0,0,0,0
6993,1,1,1,1
1632,1,1,1,1
3944,0,0,0,0
2295,1,1,1,1
538,1,0,1,1
6561,1,1,1,1
372,1,1,0,1
2112,1,1,1,1
5281,0,1,0,0
2393,1,0,1,1
2158,1,1,1,1
2399,0,1,1,1
5533,1,0,0,0
1002,1,0,0,0
3432,1,1,1,1
7211,0,0,0,0
2825,1,1,0,1
872,1,1,0,1
5415,1,1,1,1
3754,1,0,1,1
3561,1,1,1,1
6463,1,1,1,1
6646,1,1,0,1
5539,1,1,1,1
5790,0,0,0,0
3007,0,0,0,0
1193,1,1,1,1
7305,0,1,0,0
7336,0,0,0,0
890,1,1,1,1
5601,0,0,0,0
4975,0,1,1,1
2243,1,1,0,1
5280,0,0,0,0
1800,1,1,1,1
2776,0,0,0,0
1734,1,1,1,1
1542,1,1,0,1
5509,0,1,0,0
1465,0,1,1,1
149,0,1,0,0
641,0,0,0,0
5903,1,1,1,1
3298,1,1,0,1
1586,0,0,0,0
663,1,0,1,1
1306,1,1,0,1
4986,0,0,0,0
6767,1,0,0,0
2724,1,1,1,1
7173,1,1,0,1
6579,1,1,0,1
4397,0,0,0,0
3476,1,1,1,1
3146,1,1,1,1
1112,1,1,1,1
2851,1,1,0,1
5998,1,1,0,1
1859,1,1,1,1
5472,1,0,0,0
5555,0,0,0,0
6673,1,1,1,1
6653,0,0,0,0
1519,1,1,1,1
1966,1,1,1,1
1077,1,1,1,1
5383,0,0,0,0
3156,0,0,0,0
2713,0,0,0,0
7571,0,0,0,0
7594,0,0,0,0
2904,1,0,0,0
5953,1,0,0,0
3966,1,1,1,1
3267,1,1,1,1
4556,1,1,1,1
6872,1,1,0,1
102,1,1,1,1
1452,1,1,1,1
2599,1,1,1,1
2235,1,1,0,1
6360,1,1,1,1
4387,0,0,0,0
4729,1,1,1,1
2185,1,1,1,1
1082,0,0,0,0
3802,1,1,1,1
271,1,1,1,1
3334,1,1,1,1
3478,1,1,1,1
89,1,1,1,1
2151,0,0,0,0
