ID,h2o,catboost,ag,final_prediction
2241,1,1,1,1
2274,0,0,0,0
1107,1,1,1,1
4478,1,0,1,1
5080,0,0,0,0
5725,0,0,0,0
456,0,0,0,0
1711,1,1,1,1
2940,1,0,0,0
3031,1,1,1,1
3551,0,0,0,0
5987,0,0,0,0
6925,0,1,0,0
5735,0,0,0,0
298,0,0,0,0
4020,1,1,1,1
3127,1,0,0,0
7432,0,0,0,0
7375,0,0,0,0
1996,1,1,1,1
5966,0,0,0,0
6697,0,0,0,0
3544,1,0,0,0
7122,0,0,0,0
1379,1,1,1,1
505,1,1,1,1
224,1,1,1,1
3024,1,1,1,1
2946,1,0,0,0
153,1,1,1,1
229,1,1,1,1
7411,0,0,0,0
2655,1,0,0,0
6972,0,0,0,0
320,1,0,1,1
5205,0,0,0,0
2454,1,1,1,1
3482,1,0,1,1
6708,0,0,0,0
3028,1,1,1,1
5747,1,0,0,0
787,1,1,0,1
6608,1,0,1,1
3188,0,0,0,0
5995,0,0,0,0
10,1,1,1,1
1556,1,1,1,1
2100,1,1,1,1
4496,0,0,0,0
6847,0,0,0,0
2681,1,1,1,1
570,1,0,1,1
4800,0,1,0,0
5642,0,0,0,0
6813,0,0,0,0
5820,0,0,0,0
3731,1,0,0,0
4586,1,1,0,1
6650,0,0,0,0
2024,1,0,0,0
3512,1,1,1,1
2532,1,0,0,0
3640,1,0,0,0
129,1,1,1,1
6712,0,0,0,0
6460,1,1,0,1
5050,0,0,0,0
4665,0,0,0,0
4532,0,0,0,0
2434,0,0,0,0
4832,0,0,0,0
5451,0,0,0,0
6220,0,0,0,0
1922,0,0,0,0
7414,0,0,0,0
4959,0,0,0,0
2165,1,1,1,1
7523,0,0,0,0
1448,1,1,1,1
2121,1,1,1,1
6991,0,0,0,0
6533,0,0,0,0
152,0,0,0,0
2474,1,1,0,1
6976,0,0,0,0
1208,1,1,1,1
6369,0,0,0,0
907,1,1,1,1
4663,1,0,1,1
2063,1,1,1,1
524,1,1,1,1
7455,1,1,0,1
5072,1,1,1,1
2293,1,0,1,1
7116,0,0,0,0
3319,0,0,0,0
5402,0,0,0,0
2703,1,1,1,1
3903,0,0,0,0
5498,0,0,0,0
3829,0,0,0,0
2327,0,0,0,0
5221,1,1,1,1
5517,0,0,0,0
3692,0,0,0,0
5198,1,0,0,0
2742,1,1,1,1
6303,0,0,0,0
1484,1,1,1,1
3124,0,0,0,0
2764,1,1,1,1
426,1,1,1,1
4334,1,0,1,1
1115,1,1,1,1
988,1,1,1,1
6412,0,0,0,0
681,1,1,1,1
4240,0,0,0,0
3757,1,0,1,1
3711,1,0,1,1
5911,1,0,0,0
6818,0,0,0,0
3933,0,1,0,0
5153,0,0,0,0
407,1,1,1,1
2665,1,1,1,1
6272,0,0,0,0
117,1,1,1,1
3536,1,0,0,0
5828,0,0,0,0
773,1,0,0,0
7026,0,0,0,0
4269,1,1,1,1
4874,0,0,0,0
6374,0,0,0,0
445,1,0,1,1
2019,1,1,1,1
3235,1,0,0,0
4380,0,0,0,0
4795,1,0,1,1
4221,0,0,0,0
5770,0,0,0,0
7457,0,0,0,0
4504,0,0,0,0
1818,1,1,1,1
227,1,1,1,1
3716,1,1,1,1
7568,1,1,1,1
4983,0,0,1,0
6101,1,1,1,1
601,1,1,1,1
6660,0,0,0,0
7578,0,0,0,0
5884,0,0,0,0
3296,1,1,1,1
6114,0,1,1,1
5306,0,0,0,0
93,1,1,1,1
6397,0,0,0,0
5393,0,0,0,0
5739,1,1,0,1
5782,1,0,1,1
4238,0,0,0,0
7349,0,0,0,0
7600,0,0,0,0
1841,0,0,0,0
2862,1,1,1,1
6413,0,0,0,0
337,1,0,0,0
84,1,1,1,1
5332,0,0,0,0
4147,1,1,1,1
5435,0,1,0,0
2462,1,1,1,1
6565,0,0,0,0
4895,0,0,0,0
1056,1,1,1,1
203,1,1,1,1
5183,0,0,0,0
376,1,1,1,1
2303,0,1,0,0
1659,0,1,0,0
6393,0,0,0,0
6433,0,0,0,0
3562,1,0,0,0
868,1,1,1,1
3374,0,0,0,0
2315,1,1,1,1
1822,1,1,1,1
2008,1,1,1,1
2290,1,1,0,1
6926,0,0,0,0
3914,1,0,0,0
4054,1,0,0,0
2072,1,1,0,1
1177,1,1,1,1
7402,0,0,0,0
4158,0,0,0,0
6495,1,1,1,1
6432,0,0,0,0
4853,0,0,0,0
5307,0,1,0,0
3661,0,0,0,0
5954,0,0,0,0
4273,0,0,0,0
4525,0,0,0,0
4989,0,0,0,0
4690,0,0,0,0
1071,1,1,1,1
537,0,0,0,0
1350,1,0,1,1
3079,1,0,0,0
4217,0,0,0,0
5453,1,0,0,0
5783,0,0,0,0
7456,0,0,0,0
6798,0,0,0,0
6197,0,0,0,0
6095,0,0,0,0
923,1,1,1,1
4290,1,1,1,1
2492,1,0,0,0
7562,1,1,1,1
2269,1,0,1,1
6988,0,0,0,0
4460,1,0,0,0
1285,1,1,1,1
6941,0,0,0,0
7620,0,0,0,0
382,1,1,1,1
2510,0,0,0,0
4357,0,0,0,0
6875,0,0,0,0
1929,1,1,1,1
5649,0,0,0,0
5250,0,0,0,0
1061,1,1,1,1
7593,0,0,0,0
6523,0,0,0,0
2284,1,1,0,1
431,1,1,1,1
2423,1,1,1,1
6352,0,0,0,0
5567,0,0,0,0
4403,0,0,0,0
1336,1,1,1,1
1138,1,1,1,1
5659,0,0,0,0
1597,1,1,1,1
101,1,1,1,1
796,1,1,1,1
5711,0,0,0,0
2173,1,1,1,1
4821,1,0,0,0
7461,0,0,0,0
3248,0,0,0,0
7308,1,1,0,1
3528,1,0,0,0
256,1,0,1,1
6502,0,0,0,0
7154,0,0,0,0
3098,0,0,0,0
6184,0,0,0,0
70,0,1,1,1
1282,1,1,1,1
3273,0,0,0,0
2741,1,0,1,1
2481,0,0,0,0
1920,1,1,1,1
4328,0,0,0,0
5874,1,0,0,0
7174,0,0,0,0
5842,0,0,0,0
7127,1,1,0,1
4224,1,1,1,1
5975,0,0,0,0
4200,1,0,0,0
2806,1,1,1,1
6458,0,0,0,0
5571,0,0,0,0
1777,1,1,1,1
4184,0,0,0,0
457,1,1,1,1
4303,0,0,0,0
6999,1,1,0,1
3876,1,1,0,1
2353,1,0,0,0
273,1,1,1,1
774,1,0,0,0
7347,0,0,0,0
5582,0,0,0,0
1414,1,0,1,1
1116,1,1,0,1
766,1,1,1,1
5340,0,0,0,0
913,1,1,0,1
5937,1,0,0,0
2363,0,0,0,0
504,1,1,1,1
5556,0,0,0,0
2417,1,1,1,1
1020,1,1,1,1
4678,1,0,0,0
6671,0,0,0,0
6643,1,0,0,0
6018,0,0,0,0
5367,1,0,0,0
3141,1,0,0,0
2362,1,1,0,1
2180,1,1,1,1
4566,0,0,0,0
1587,1,1,1,1
4855,1,1,0,1
1927,1,0,1,1
2845,1,1,1,1
4657,0,1,0,0
4284,0,0,0,0
6061,0,0,0,0
6587,0,0,0,0
3330,1,1,1,1
4600,0,0,0,0
1778,1,1,1,1
5635,0,0,0,0
2528,0,0,1,0
5670,0,0,0,0
7532,1,0,0,0
6469,1,1,1,1
1418,1,1,1,1
4765,1,0,0,0
2058,1,1,1,1
5832,0,0,0,0
4196,0,0,0,0
506,1,1,1,1
4274,1,1,1,1
2866,1,1,1,1
3214,1,1,1,1
2755,1,1,1,1
64,1,1,1,1
4425,0,0,0,0
6341,0,0,0,0
408,1,1,1,1
1798,1,1,1,1
5350,0,0,0,0
4559,0,0,0,0
1246,1,1,1,1
5322,0,0,0,0
4823,1,0,1,1
1953,0,1,0,0
1908,1,1,0,1
3797,1,1,1,1
2942,1,0,1,1
4087,1,0,0,0
5455,0,0,0,0
3388,1,1,1,1
4122,0,0,0,0
4498,1,0,0,0
1370,1,1,1,1
2289,1,0,0,0
769,1,1,1,1
7423,1,1,1,1
1968,1,1,1,1
1906,1,1,1,1
3685,0,0,0,0
6557,0,0,0,0
7439,0,0,0,0
1498,1,0,0,0
7323,1,1,1,1
4739,0,0,0,0
2729,1,1,1,1
887,1,1,1,1
2341,1,0,0,0
3285,0,0,0,0
5516,0,0,0,0
1410,1,1,1,1
2922,1,1,1,1
7210,0,1,0,0
1743,0,0,0,0
3468,0,0,0,0
6110,0,0,0,0
4374,0,0,0,0
956,1,1,1,1
7294,0,0,0,0
4339,1,0,0,0
2373,0,0,0,0
1582,0,0,0,0
6022,0,0,0,0
2977,1,1,1,1
1977,1,1,1,1
756,1,0,0,0
7146,0,0,0,0
6524,0,0,0,0
6907,0,0,0,0
3850,0,0,0,0
6980,0,0,0,0
1462,1,1,1,1
4436,1,1,1,1
848,1,1,1,1
2082,1,1,1,1
3734,0,0,0,0
4676,0,0,0,0
1505,0,0,0,0
1649,1,1,1,1
3659,1,0,0,0
5157,1,1,0,1
5844,0,0,0,0
5876,0,0,0,0
4343,1,0,0,0
3632,0,1,0,0
5069,0,0,0,0
2425,0,0,0,0
3398,1,0,0,0
5817,0,0,0,0
3403,1,0,1,1
5209,1,1,0,1
1496,1,1,1,1
6799,1,1,0,1
6781,0,0,0,0
4309,0,0,0,0
3939,0,0,0,0
338,1,0,0,0
7597,0,0,0,0
3727,1,1,0,1
2485,1,1,1,1
5222,0,0,0,0
4701,0,1,1,1
1672,0,0,0,0
560,1,1,1,1
4839,0,0,1,0
6961,0,0,0,0
904,1,1,1,1
3126,0,0,0,0
4297,0,0,0,0
6738,0,0,0,0
3520,0,0,0,0
6116,0,0,0,0
4554,1,1,1,1
2403,0,0,0,0
4970,0,0,0,0
5863,0,0,0,0
190,1,0,1,1
5025,0,0,0,0
1933,1,1,1,1
4530,1,0,1,1
1703,1,0,1,1
2473,0,0,0,0
5980,0,0,0,0
3291,1,1,0,1
5932,0,0,0,0
7333,1,1,1,1
4512,0,0,0,0
5326,0,0,0,0
2116,1,1,1,1
6084,0,0,0,0
2994,1,1,1,1
41,1,1,1,1
2959,1,1,1,1
3668,0,0,0,0
2179,1,1,1,1
6786,0,0,0,0
2643,1,1,1,1
3569,1,1,0,1
6518,0,0,0,0
4509,0,0,0,0
2567,1,1,1,1
6726,0,0,0,0
5108,0,0,0,0
2843,1,1,1,1
1364,1,1,1,1
6124,0,0,0,0
1664,1,1,0,1
4996,0,0,0,0
1655,1,1,1,1
5754,0,0,0,0
5897,0,0,0,0
3808,1,1,0,1
5070,0,0,0,0
4541,0,0,0,0
2157,1,1,1,1
1962,1,1,1,1
2948,1,1,1,1
6756,0,0,0,0
4282,1,0,0,0
7504,0,0,0,0
5186,0,0,0,0
4474,0,0,0,0
7225,0,0,0,0
1289,1,1,1,1
1753,1,1,1,1
1023,1,1,1,1
6117,0,0,0,0
4165,1,0,0,0
7488,0,0,0,0
3,1,1,1,1
444,1,1,1,1
1344,1,1,1,1
6826,1,0,0,0
5889,0,0,0,0
4627,0,0,0,0
4997,0,0,0,0
5880,0,0,0,0
3320,0,0,0,0
2139,1,1,1,1
5448,0,0,0,0
7470,0,0,0,0
1979,1,1,1,1
791,1,1,1,1
6166,0,0,0,0
1323,1,1,1,1
930,1,1,0,1
6986,0,0,0,0
3792,0,0,0,0
6529,0,0,0,0
5868,0,0,0,0
7180,1,1,0,1
6130,0,0,0,0
5900,0,0,0,0
4152,0,0,0,0
1593,1,1,1,1
2662,1,1,1,1
4522,0,0,0,0
2925,1,1,1,1
3402,1,1,1,1
7354,1,0,0,0
5587,0,0,0,0
6034,0,0,0,0
2086,0,0,0,0
4099,0,1,0,0
6744,0,0,0,0
2486,1,1,0,1
5314,0,0,0,0
1934,1,1,1,1
802,1,1,1,1
938,1,1,1,1
1959,1,1,1,1
1670,1,1,1,1
4928,0,0,0,0
7417,0,0,0,0
1044,1,1,1,1
2200,1,0,1,1
5188,0,0,0,0
779,1,0,0,0
4539,0,0,0,0
366,0,0,0,0
1773,1,1,1,1
5419,0,0,0,0
7197,0,0,0,0
4172,0,0,0,0
933,1,1,1,1
1885,1,1,1,1
3806,1,0,1,1
4894,0,0,1,0
3070,1,0,0,0
5543,0,0,0,0
4754,1,0,1,1
7271,0,0,1,0
136,1,1,1,1
3643,0,0,0,0
192,1,1,1,1
5736,0,0,0,0
5881,0,1,0,0
3967,1,0,0,0
2970,1,1,1,1
2264,1,0,0,0
2131,0,0,0,0
2383,0,0,0,0
277,1,1,1,1
5219,1,1,1,1
6065,0,0,0,0
2857,1,1,1,1
4913,0,1,0,0
5178,0,0,0,0
2736,1,1,1,1
1551,1,1,1,1
753,1,1,1,1
4635,0,0,0,0
3732,0,0,0,0
6510,1,0,0,0
1114,1,0,0,0
7281,0,0,0,0
3099,0,0,0,0
6327,0,0,0,0
5514,0,0,0,0
2307,0,0,0,0
6785,1,1,1,1
1609,1,1,1,1
1888,1,1,1,1
220,1,1,1,1
304,1,1,1,1
6031,1,1,1,1
1275,1,0,0,0
6198,0,0,0,0
5210,1,1,0,1
7548,0,0,0,0
4395,0,0,0,0
470,1,1,1,1
4829,0,0,0,0
20,1,1,1,1
2398,1,0,1,1
3597,1,1,0,1
3431,1,1,0,1
3459,1,1,1,1
4053,0,0,0,0
3313,0,0,0,0
3364,0,0,0,0
1048,1,1,1,1
1838,1,1,1,1
5994,0,0,0,0
7437,1,0,0,0
267,1,1,1,1
3140,1,0,0,0
54,1,1,1,1
7394,0,0,0,0
5238,0,0,0,0
2821,1,1,1,1
6599,0,0,0,0
1401,1,1,1,1
3048,1,1,1,1
121,1,1,1,1
4162,0,0,0,0
5495,1,1,1,1
1846,1,1,1,1
4422,1,0,0,0
4503,0,0,0,0
7454,0,0,0,0
1813,1,1,1,1
2789,1,1,1,1
5320,0,0,0,0
1313,1,1,1,1
7194,1,1,1,1
4544,1,0,0,0
2522,1,0,0,0
3125,1,0,0,0
5840,0,0,0,0
3521,0,0,0,0
5666,0,1,0,0
1126,1,0,0,0
820,1,1,0,1
2976,1,1,1,1
1417,1,1,1,1
782,1,1,1,1
6354,0,0,0,0
2891,1,1,1,1
3080,0,0,0,0
5149,0,0,0,0
1296,1,1,1,1
4831,0,0,0,0
3045,1,1,1,1
4042,1,1,1,1
2937,1,0,0,0
7168,0,0,0,0
3557,0,0,0,0
5165,0,0,0,0
3337,1,1,1,1
6342,0,0,0,0
5482,0,0,0,0
4860,0,0,0,0
2240,1,1,0,1
6915,1,1,1,1
6778,0,0,0,0
2416,1,1,1,1
3949,0,0,0,0
4638,1,0,1,1
342,1,1,1,1
4673,0,0,0,0
1249,1,1,1,1
7567,0,0,0,0
5392,0,0,0,0
3885,1,0,0,0
1860,1,1,1,1
5031,0,0,0,0
1046,1,1,1,1
1184,1,1,1,1
952,1,1,1,1
5983,0,0,0,0
3953,1,0,0,0
4416,0,0,0,0
6630,0,0,0,0
6078,0,0,0,0
4995,1,0,0,0
5346,0,0,1,0
1232,1,1,1,1
664,1,0,0,0
2479,1,1,1,1
5218,0,0,0,0
672,1,1,1,1
1849,1,1,1,1
6362,0,0,0,0
6035,0,0,0,0
950,1,1,1,1
3710,1,1,1,1
4793,0,0,0,0
7147,0,0,0,0
994,1,1,1,1
5630,0,0,0,0
1190,0,0,0,0
4844,1,1,1,1
1352,1,1,1,1
5530,0,0,0,0
4418,1,0,0,0
2688,1,1,1,1
1679,1,1,1,1
2298,0,0,0,0
7218,1,0,0,0
3742,1,0,0,0
1130,0,0,0,0
3103,0,0,1,0
4819,1,0,0,0
6276,0,0,0,0
3105,1,0,0,0
5397,0,0,0,0
5970,0,0,0,0
2590,1,1,1,1
4002,1,0,0,0
6119,0,0,0,0
1901,1,0,0,0
5266,0,0,0,0
3145,1,1,1,1
2188,1,1,1,1
5166,0,0,0,0
806,1,1,1,1
213,1,1,1,1
1291,1,1,0,1
2743,1,0,1,1
2272,1,0,0,0
1855,1,1,0,1
5798,0,0,0,0
7377,1,1,0,1
205,1,1,1,1
550,1,1,1,1
2007,1,0,0,0
3219,0,0,0,0
7192,0,0,0,0
5060,0,0,0,0
2668,1,1,1,1
3110,0,0,0,0
3301,1,0,0,0
4911,1,1,1,1
1882,1,1,1,1
6290,1,0,0,0
3409,1,0,0,0
5407,0,0,0,0
2552,1,1,1,1
7246,0,0,0,0
2093,1,1,1,1
359,1,1,0,1
884,0,0,0,0
6771,1,1,1,1
86,1,1,1,1
7029,0,0,0,0
2999,1,1,1,1
695,1,1,1,1
5794,0,0,0,0
1378,1,0,0,0
3002,1,1,1,1
3029,1,0,0,0
2095,1,1,1,1
5950,0,0,0,0
5008,0,0,0,0
2178,1,1,1,1
3733,0,0,0,0
3681,1,0,0,0
3205,1,0,0,0
4346,0,0,0,0
4341,1,0,0,0
6424,0,0,0,0
1710,0,0,0,0
5176,1,1,0,1
3821,0,0,0,0
879,1,1,1,1
658,1,1,1,1
5804,0,0,0,0
4421,0,0,0,0
4227,0,0,0,0
6359,0,0,0,0
3369,1,1,0,1
2279,1,0,0,0
5177,0,0,0,0
6140,0,0,0,0
2767,1,1,1,1
471,1,1,1,1
3158,0,0,0,0
2900,1,1,1,1
3627,0,0,1,0
509,1,1,1,1
2129,1,1,1,1
2339,1,1,1,1
427,1,0,0,0
7313,0,0,0,0
2012,1,0,0,0
703,1,0,0,0
2258,1,1,0,1
6858,0,0,0,0
6540,0,0,0,0
1234,1,1,1,1
7604,0,0,0,0
7160,0,0,0,0
6296,0,0,0,0
4296,0,0,0,0
6943,0,0,0,0
2186,1,1,1,1
7453,0,0,0,0
2585,1,1,1,1
5775,0,0,0,0
364,1,1,1,1
3698,1,1,1,1
2886,1,0,1,1
5752,0,0,0,0
2443,1,0,0,0
6277,0,0,0,0
7044,0,0,0,0
326,1,1,1,1
3547,1,1,1,1
3873,0,0,0,0
6346,0,0,0,0
4670,1,0,0,0
7374,0,0,0,0
1512,1,1,1,1
6908,0,1,0,0
3610,1,0,0,0
7144,0,0,0,0
3553,0,0,0,0
871,1,1,1,1
2875,1,1,1,1
3920,1,1,1,1
3897,1,0,0,0
6958,0,0,0,0
1481,1,1,0,1
3646,1,0,0,0
1191,1,1,1,1
2190,0,0,0,0
4700,0,0,0,0
521,1,0,0,0
4483,0,0,0,0
2639,1,1,1,1
1024,1,1,1,1
7111,1,0,0,0
6258,0,0,0,0
6218,0,0,0,0
132,1,0,0,0
7040,0,0,0,0
7363,1,0,0,0
2812,1,1,1,1
1216,1,1,1,1
282,1,1,1,1
583,1,1,1,1
3514,1,1,0,1
1745,1,0,0,0
1731,1,1,1,1
775,1,1,1,1
5837,0,0,0,0
4602,0,1,1,1
4082,0,0,0,0
3239,1,0,0,0
5882,0,0,0,0
2872,1,1,1,1
3856,0,0,0,0
4692,0,0,0,0
2505,1,1,1,1
3372,1,1,1,1
4922,0,0,0,0
2282,1,0,0,0
6225,0,0,0,0
4083,0,1,0,0
6233,0,0,0,0
4954,0,0,0,0
325,1,1,1,1
6929,0,0,1,0
5109,0,0,0,0
3592,0,0,0,0
2246,1,0,1,1
3591,0,0,0,0
491,1,1,1,1
7264,1,1,1,1
2687,1,0,0,0
4292,0,0,0,0
1578,1,1,1,1
1205,1,1,1,1
3607,0,0,0,0
6365,0,0,0,0
1074,1,1,1,1
1956,1,1,0,1
4438,0,0,0,0
5609,0,0,0,0
3077,1,1,0,1
790,1,1,1,1
4636,0,0,1,0
6485,1,1,1,1
6877,0,0,0,0
6874,0,0,0,0
2771,1,1,1,1
5718,0,0,0,0
4470,1,1,1,1
5965,0,0,0,0
4429,1,0,0,0
2971,1,1,1,1
1543,1,1,1,1
3898,1,1,1,1
4361,0,0,0,0
4034,0,0,0,0
7549,0,0,0,0
462,1,1,1,1
5603,0,0,0,0
1891,0,0,0,0
5895,0,0,0,0
1603,1,1,1,1
5464,0,0,0,0
2629,1,1,1,1
1487,1,0,0,0
1806,1,1,1,1
4371,0,0,0,0
546,0,0,0,0
371,1,1,1,1
2294,1,1,1,1
2006,1,1,1,1
4304,1,0,0,0
2859,1,1,1,1
1692,1,1,1,1
859,0,0,0,0
3438,0,0,0,0
6672,0,0,0,0
6301,1,0,1,1
6154,0,0,0,0
7089,0,0,0,0
6866,1,1,1,1
6743,1,1,0,1
2658,1,1,1,1
1572,0,0,0,0
422,1,0,1,1
1433,1,1,1,1
3774,0,0,0,0
5724,0,0,0,0
2610,1,1,1,1
1852,1,1,1,1
799,1,1,0,1
6181,1,0,0,0
6239,1,1,0,1
6315,1,1,1,1
4786,0,0,0,0
4774,0,0,0,0
4535,0,0,0,0
4564,0,0,0,0
1425,1,1,1,1
2436,0,0,0,0
3611,0,0,0,0
7579,0,0,0,0
5812,0,0,0,0
6859,0,0,0,0
3293,0,0,0,0
4543,0,0,0,0
4151,0,0,0,0
834,1,1,1,1
5626,0,0,0,0
1277,1,1,1,1
7493,0,0,0,0
1809,1,1,1,1
6837,0,0,0,0
2103,0,0,0,0
6113,1,0,0,0
2447,1,1,0,1
4847,1,0,0,0
4607,1,1,1,1
3548,0,0,0,0
984,1,0,1,1
2280,1,0,0,0
1396,1,1,1,1
1109,1,1,1,1
611,1,1,1,1
5059,0,0,0,0
6295,0,0,0,0
1099,1,1,1,1
1483,1,1,1,1
4050,1,0,1,1
6128,0,0,0,0
6289,0,0,0,0
4973,0,0,0,0
6089,0,0,0,0
976,1,1,1,1
3072,1,1,0,1
2135,1,1,1,1
74,1,1,1,1
5858,0,0,0,0
6,0,0,0,0
1535,1,1,1,1
2909,1,1,1,1
2428,0,0,0,0
739,1,1,1,1
2484,1,1,0,1
6398,0,0,0,0
1877,1,1,1,1
7490,0,0,0,0
7038,0,0,0,0
6474,0,0,0,0
3312,1,0,0,0
634,1,0,0,0
1923,1,1,1,1
405,1,1,1,1
728,1,1,1,1
6713,1,0,0,0
4940,0,0,0,0
5713,0,0,0,0
7373,1,1,1,1
3747,0,0,0,0
7285,0,1,1,1
253,1,1,1,1
918,1,1,1,1
5271,1,0,0,0
7522,0,0,0,0
517,1,1,1,1
4477,0,0,0,0
7378,0,0,0,0
2679,1,1,1,1
7222,0,0,0,0
3973,1,1,1,1
3601,1,0,0,0
3743,1,0,0,0
1006,1,1,1,1
4694,0,0,0,0
4547,0,0,0,0
3563,0,0,0,0
3637,0,0,0,0
7619,0,0,0,0
2078,1,1,1,1
186,1,1,1,1
772,0,0,0,0
514,1,1,1,1
476,1,1,1,1
4220,0,0,0,0
4412,1,0,0,0
1339,1,1,1,1
2261,1,0,0,0
4990,0,0,0,0
6179,0,0,0,0
2418,0,0,0,0
5328,1,0,1,1
983,1,1,1,1
4219,0,1,0,0
811,1,1,1,1
2983,1,1,1,1
1376,1,1,1,1
3168,1,1,1,1
6396,0,0,0,0
4514,0,0,0,0
5653,0,0,0,0
7223,0,0,0,0
2509,1,0,0,0
3913,1,1,1,1
7544,0,0,0,0
1673,1,1,1,1
313,1,1,1,1
4630,0,0,0,0
6210,0,0,0,0
1793,1,1,1,1
3511,0,0,0,0
1893,1,1,1,1
4378,0,0,0,0
4761,1,1,1,1
4109,0,0,0,0
6010,0,0,0,0
2638,1,1,1,1
6406,0,0,0,0
1637,1,1,1,1
1012,1,1,1,1
2320,1,1,1,1
6722,1,1,1,1
3333,0,0,0,0
761,0,0,0,0
3019,1,1,1,1
7492,0,0,0,0
920,1,1,1,1
523,1,0,0,0
1913,0,0,0,0
2329,0,0,0,0
1244,1,1,1,1
3494,1,0,0,0
6939,0,0,0,0
174,1,1,1,1
5740,0,0,0,0
4590,0,0,0,0
2752,1,0,1,1
5637,0,0,0,0
244,1,0,0,0
6407,0,0,0,0
5295,0,0,0,0
924,0,0,0,0
5345,0,0,0,0
2143,1,1,1,1
2874,1,1,1,1
5706,1,0,0,0
3357,1,1,1,1
6684,1,0,0,0
4616,1,0,0,0
5749,1,0,1,1
3303,1,0,0,0
865,1,1,0,1
609,1,0,0,0
2920,1,1,1,1
439,1,1,1,1
4279,0,0,0,0
5920,0,0,0,0
2159,1,1,1,1
1681,1,1,1,1
5991,1,0,0,0
6508,1,0,1,1
631,1,1,1,1
6214,1,1,1,1
1491,1,1,1,1
3928,1,1,1,1
4317,0,0,0,0
1974,1,1,1,1
660,1,1,1,1
5697,0,0,0,0
2464,0,0,0,0
3073,0,0,0,0
7565,0,0,0,0
5462,0,0,0,0
4759,0,0,0,0
5936,0,0,0,0
5251,0,0,0,0
764,1,1,1,1
1435,1,1,1,1
135,1,1,1,1
822,0,0,0,0
6456,0,0,0,0
7416,0,0,1,0
4757,0,0,0,0
1354,0,0,0,0
6762,0,0,0,0
6372,0,0,0,0
6470,0,0,0,0
1732,1,1,1,1
5597,0,0,0,0
730,1,1,1,1
322,1,1,1,1
566,1,1,1,1
468,1,1,1,1
5833,0,0,0,0
2499,1,0,1,1
7289,0,0,0,0
6036,0,0,0,0
4709,0,0,0,0
5683,0,0,0,0
7231,0,0,0,0
2074,1,1,0,1
1268,1,0,0,0
6480,0,0,0,0
7359,0,0,0,0
3522,1,0,0,0
5887,0,0,0,0
306,1,1,1,1
3523,1,0,0,0
3321,1,0,1,1
6347,1,1,1,1
2321,1,0,0,0
1707,1,1,0,1
6674,1,1,0,1
2013,1,1,1,1
7056,0,0,0,0
262,1,1,1,1
1958,1,1,1,1
2623,1,1,1,1
5353,0,0,0,0
4204,1,0,0,0
1183,1,1,1,1
1225,1,1,0,1
3191,0,1,1,1
7337,1,0,0,0
3935,0,0,0,0
4846,0,1,1,1
396,1,1,1,1
2817,1,1,1,1
905,1,0,0,0
2390,1,0,0,0
1351,0,0,0,0
7317,0,0,0,0
437,1,1,1,1
3936,0,0,0,0
2260,1,1,1,1
4018,1,1,0,1
803,1,1,1,1
830,1,1,1,1
6776,0,0,0,0
2215,1,1,1,1
3211,0,0,0,0
126,1,1,1,1
7134,1,1,1,1
3311,1,1,0,1
1579,1,1,1,1
386,0,0,0,0
5787,0,0,0,0
785,1,0,1,1
176,0,0,0,0
292,1,1,1,1
1280,1,0,0,0
4927,0,0,0,0
293,1,1,1,1
2265,1,1,1,1
828,0,0,0,0
5289,0,0,0,0
1031,0,0,0,0
946,1,0,0,0
3270,1,0,0,0
4331,0,0,0,0
2565,1,1,1,1
3406,1,0,0,0
6205,0,0,0,0
5085,0,0,0,0
4352,0,0,0,0
605,1,1,1,1
4570,0,0,0,0
1557,1,1,1,1
2476,1,1,1,1
7110,1,0,0,0
2596,1,1,1,1
6451,1,0,0,0
489,1,1,1,1
5537,1,1,0,1
6796,0,0,0,0
7314,1,0,0,0
1399,1,1,1,1
3859,0,0,0,0
1784,1,1,1,1
1950,1,1,1,1
5949,0,0,0,0
4766,0,0,0,0
2429,1,0,0,0
7187,1,1,1,1
2721,1,1,1,1
7324,0,0,0,0
3857,0,0,0,0
7139,0,0,0,0
1231,1,1,1,1
3345,1,1,1,1
3448,0,0,0,0
1663,1,1,1,1
3089,1,0,0,0
6201,1,0,0,0
2719,1,1,0,1
2605,1,1,1,1
99,1,1,1,1
6627,0,0,0,0
4809,1,0,0,0
4016,1,1,1,1
345,1,1,1,1
4253,1,0,0,0
498,1,1,1,1
281,1,1,0,1
5076,1,1,1,1
3041,1,1,0,1
2187,0,0,0,0
4451,0,0,0,0
6235,0,0,0,0
4084,0,0,0,0
2720,1,1,1,1
3190,0,0,0,0
5335,0,0,0,0
7102,0,0,0,0
2,0,0,0,0
6175,0,0,0,0
4424,1,1,1,1
2972,1,1,1,1
567,1,1,1,1
7087,0,0,0,0
7268,0,0,0,0
3977,1,1,1,1
1799,1,1,1,1
1145,1,1,1,1
1489,1,1,1,1
3206,0,0,0,0
5934,0,0,0,0
5853,1,1,1,1
4466,0,0,0,0
3549,1,0,0,0
1294,1,1,1,1
5145,0,0,0,0
1716,1,1,1,1
307,1,1,0,1
721,1,1,1,1
3277,1,1,1,1
6238,0,0,0,0
3924,0,0,0,0
3704,1,1,0,1
5132,1,0,1,1
5546,0,0,0,0
6395,0,0,0,0
3987,1,1,0,1
3118,1,1,1,1
7340,1,0,0,0
6704,0,0,0,0
3622,1,0,0,0
765,1,1,1,1
3940,0,0,0,0
2292,1,1,1,1
7228,0,0,0,0
3525,1,0,0,0
5834,0,0,0,0
6550,0,0,0,0
4960,1,1,1,1
4950,1,0,0,0
130,1,1,1,1
7403,0,0,0,0
2163,1,1,1,1
2438,1,1,1,1
340,1,1,1,1
2805,1,1,1,1
3309,1,1,1,1
3529,0,0,0,0
4724,1,0,0,0
2908,1,1,0,1
1338,1,1,1,1
6514,0,1,0,0
5496,0,0,0,0
819,1,1,1,1
5478,0,0,0,0
4100,0,0,0,0
1449,1,1,1,1
5473,0,0,0,0
276,1,0,1,1
4342,0,0,0,0
2548,1,1,1,1
6543,0,0,0,0
7350,0,0,0,0
2171,1,1,1,1
4080,0,0,0,0
1051,1,1,1,1
2249,0,0,0,0
4259,0,0,0,0
4386,0,0,0,0
1515,1,1,1,1
6865,0,0,0,0
7327,0,0,0,0
7617,0,0,0,0
6966,0,0,0,0
7237,0,0,0,0
6363,0,0,0,0
4401,0,0,0,0
5731,0,0,0,0
3626,1,0,0,0
3911,1,1,1,1
2832,1,1,1,1
4662,0,0,0,0
1909,1,1,1,1
4771,0,0,0,0
5243,0,0,0,0
7538,1,1,1,1
4838,1,1,1,1
3860,1,1,0,1
2311,1,1,0,1
5488,0,0,0,0
1733,1,0,0,0
6169,0,0,0,0
4518,0,0,0,0
7198,0,0,0,0
2919,1,1,1,1
2554,1,1,1,1
1684,1,0,0,0
4476,0,0,0,0
6602,0,0,0,0
555,1,1,1,1
5899,0,0,0,0
7346,0,0,0,0
7276,0,0,0,0
3375,1,1,1,1
6584,0,0,0,0
2490,1,0,0,0
3047,1,1,1,1
6824,0,1,0,0
3851,0,0,0,0
2606,1,1,1,1
7043,0,0,0,0
6900,0,0,0,0
2262,1,0,0,0
4644,0,0,0,0
6637,0,0,0,0
2839,1,1,1,1
7341,0,0,0,0
1343,1,1,1,1
2796,0,0,0,0
3925,1,1,0,1
2813,1,1,1,1
1217,1,1,1,1
2918,1,1,1,1
3986,0,0,0,0
1917,1,1,1,1
128,1,1,1,1
6682,1,0,1,1
6588,0,1,1,1
2518,1,1,1,1
1108,1,1,1,1
358,1,1,1,1
2784,1,1,1,1
7045,0,0,0,0
5039,0,0,0,0
5410,0,0,0,0
7624,0,0,0,0
3832,0,0,0,0
2701,1,1,1,1
6159,0,0,0,0
594,1,1,1,1
3025,1,1,1,1
2088,1,1,1,1
5661,0,0,0,0
6679,0,0,0,0
4479,0,0,0,0
202,0,0,1,0
4979,1,0,0,0
367,1,1,1,1
5454,0,0,0,0
3215,0,0,0,0
4096,0,0,0,0
2400,1,1,0,1
2844,0,0,0,0
2799,1,1,1,1
5217,0,0,0,0
3332,0,0,0,0
3516,1,0,0,0
3881,1,0,1,1
2181,1,1,1,1
4215,1,1,1,1
5057,0,0,0,0
4698,0,0,0,0
252,1,1,1,1
2759,1,0,0,0
5231,0,0,0,0
3238,1,1,0,1
4545,0,0,0,0
1450,1,1,0,1
2819,1,1,1,1
1011,1,1,1,1
2556,1,1,1,1
6168,0,0,0,0
5313,0,0,0,0
4824,0,0,0,0
5716,1,0,1,1
3809,0,0,0,0
4457,0,0,0,0
2693,1,1,1,1
3397,0,0,0,0
5323,0,0,0,0
1429,1,1,1,1
2408,1,0,0,0
903,1,1,1,1
7011,0,0,0,0
6918,0,0,0,0
7064,0,0,0,0
1236,1,0,0,0
4606,0,0,0,0
4517,0,0,0,0
1001,0,1,0,0
6500,0,0,0,0
5617,0,0,0,0
1796,1,1,1,1
942,0,1,1,1
49,1,1,1,1
893,1,1,1,1
7201,0,0,0,0
740,1,1,1,1
5441,1,0,0,0
2906,1,1,1,1
6862,0,0,0,0
3693,1,0,0,0
4248,0,1,0,0
239,1,1,1,1
1610,1,1,1,1
496,1,1,1,1
2161,1,1,1,1
5814,0,0,0,0
7062,1,0,0,0
7514,0,0,0,0
3198,1,0,1,1
1053,1,0,0,0
6531,1,0,0,0
2958,1,1,1,1
4881,1,0,0,0
1153,0,0,0,0
4952,0,0,0,0
3910,1,1,1,1
3961,0,0,0,0
725,1,1,1,1
6924,0,0,0,0
5870,0,0,0,0
104,1,1,0,1
7398,0,0,0,0
5043,0,0,0,0
5807,0,0,0,0
6096,0,0,0,0
474,1,1,1,1
7167,0,0,0,0
1689,1,1,1,1
7046,0,0,0,0
4078,1,0,0,0
1199,1,1,1,1
223,1,1,1,1
1645,1,1,1,1
874,1,1,1,1
5652,0,0,0,0
6323,1,0,0,0
6386,0,0,0,0
3496,0,0,0,0
265,1,0,1,1
4301,0,0,0,0
5616,0,0,0,0
1740,1,1,1,1
7362,1,0,0,0
2011,1,1,1,1
179,1,1,1,1
6416,1,0,0,0
1980,1,1,1,1
2048,1,1,1,1
3700,1,0,1,1
2939,0,0,0,0
1033,1,1,1,1
4332,0,0,0,0
2513,1,1,1,1
7405,0,0,0,0
1308,1,1,1,1
2046,1,1,1,1
809,0,1,1,1
5391,0,0,0,0
5904,1,1,1,1
858,1,1,1,1
5078,0,0,0,0
2206,1,1,1,1
7494,0,0,0,0
2096,1,1,1,1
6004,0,0,0,0
7431,0,0,0,0
2984,1,1,1,1
3302,0,0,0,0
687,0,0,0,0
3245,0,0,0,0
6690,0,0,0,0
3223,1,1,1,1
1283,1,0,1,1
1493,1,1,1,1
221,0,0,0,0
4131,0,0,0,0
1203,1,1,1,1
6080,0,0,0,0
4237,0,0,0,0
5244,0,0,0,0
4723,0,0,0,0
3620,0,0,0,0
374,1,1,1,1
87,1,1,1,1
3728,1,1,1,1
5187,1,1,0,1
6729,0,0,0,0
5286,0,0,0,0
5312,0,0,0,0
5691,0,0,0,0
6284,0,0,0,0
4074,0,0,0,0
4146,1,1,1,1
4211,0,0,0,0
4611,0,0,0,0
2954,1,1,1,1
3558,1,1,1,1
5308,0,0,0,0
6454,0,0,0,0
7573,0,0,0,0
2375,0,1,0,0
1954,1,1,1,1
2381,1,0,0,0
6959,0,0,1,0
4932,0,0,0,0
4150,0,0,0,0
4179,1,0,0,0
5905,0,0,0,0
4617,0,0,0,0
5771,0,0,0,0
5625,0,0,0,0
1154,1,1,1,1
3735,1,1,1,1
3456,1,1,1,1
1994,0,0,1,0
558,1,1,1,1
6681,0,0,0,0
5577,1,1,0,1
7627,0,0,0,0
5225,0,0,0,0
6174,1,0,0,0
6063,0,0,0,0
2022,1,1,1,1
5311,0,0,0,0
4003,1,0,0,0
4435,1,0,0,0
6609,0,0,0,0
3537,1,0,0,0
495,1,1,1,1
6189,1,0,0,0
6192,1,0,1,1
2887,1,1,1,1
5077,0,0,0,0
5066,0,0,0,0
3882,0,1,1,1
6337,0,0,0,0
6212,0,0,0,0
7572,0,0,0,0
4529,0,0,0,0
4329,0,0,0,0
3066,1,1,1,1
4935,0,0,0,0
2563,1,1,1,1
3858,0,0,0,0
2969,1,1,1,1
4256,0,0,0,0
3472,1,0,0,0
3325,1,1,0,1
1226,1,1,1,1
518,1,1,1,1
1839,1,1,1,1
3133,1,0,0,0
1677,1,1,1,1
156,1,1,1,1
286,1,1,1,1
4622,1,0,0,0
4864,0,0,0,0
6583,0,0,0,0
15,1,0,1,1
6562,1,0,0,0
3598,1,1,1,1
3810,0,0,0,0
2524,1,1,0,1
4268,0,0,0,0
2997,1,1,1,1
6833,0,0,0,0
6977,0,0,0,0
3131,1,1,1,1
6780,0,0,0,0
6207,1,0,0,0
6196,0,0,0,0
1782,0,0,0,0
4258,0,0,0,0
2982,0,1,1,1
4428,0,0,0,0
4552,0,0,0,0
5614,0,0,0,0
3063,1,1,1,1
2573,1,1,1,1
5067,0,0,0,0
1016,1,1,1,1
4511,1,0,1,1
659,1,1,1,1
7183,1,1,0,1
5813,0,0,0,0
925,1,1,1,1
6938,1,0,0,0
5477,0,0,0,0
5468,0,0,0,0
5877,0,0,0,0
2125,0,0,0,0
1151,1,1,1,1
1328,1,0,1,1
7109,0,0,0,0
2357,0,0,0,0
1087,0,1,0,0
4030,0,0,0,0
1172,1,1,0,1
2300,1,0,0,0
3979,1,1,1,1
1766,1,1,1,1
5852,0,0,0,0
6030,0,0,0,0
3130,1,1,1,1
2297,1,0,0,0
1717,1,1,1,1
4307,0,0,0,0
317,1,1,1,1
6558,0,0,0,0
7509,0,0,0,0
1131,1,1,0,1
42,1,1,1,1
7609,0,0,0,0
4994,1,1,1,1
6434,0,0,0,0
592,1,1,1,1
2256,0,0,0,0
4210,0,0,0,0
6216,1,1,1,1
2331,0,0,0,0
5958,0,0,0,0
2054,1,1,1,1
584,1,1,1,1
1545,1,1,1,1
5854,0,0,0,0
5973,0,0,0,0
3243,1,1,1,1
6753,0,0,0,0
3507,0,0,0,0
73,1,1,1,1
5985,1,0,0,0
3690,0,0,0,0
2626,1,1,1,1
5429,0,0,0,0
1932,1,1,1,1
4046,0,0,0,0
748,1,1,1,1
5112,1,0,1,1
5021,0,0,0,0
2581,1,1,1,1
5758,0,0,0,0
6517,1,0,0,0
5990,0,0,0,0
5107,0,0,0,0
3662,0,0,0,0
1010,1,1,1,1
1931,1,1,1,1
7202,0,0,0,0
2772,1,1,1,1
975,1,1,1,1
525,1,1,1,1
603,1,1,1,1
667,1,1,1,1
6689,0,1,1,1
7479,0,1,1,1
4955,0,0,0,0
1868,1,1,1,1
44,1,1,1,1
7429,1,1,1,1
3289,0,1,0,0
257,1,1,1,1
6099,0,0,0,0
7272,0,0,0,0
2620,1,1,1,1
2094,1,1,1,1
5792,0,0,0,0
4032,0,0,0,0
3751,1,0,0,0
3429,0,0,0,0
5902,0,0,0,0
4679,0,0,0,0
6136,1,0,0,0
5730,1,1,1,1
6852,0,0,0,0
3889,0,0,0,0
3060,1,0,0,0
6808,0,0,0,0
7082,0,0,0,0
5199,1,0,0,0
6481,0,0,0,0
1319,1,1,1,1
1035,1,1,1,1
6974,0,0,0,0
744,0,0,0,0
4551,0,0,0,0
481,1,0,1,1
3085,1,1,0,1
5848,0,0,0,0
418,1,1,1,1
5144,0,0,0,0
4164,0,0,0,0
4038,0,0,0,0
6150,0,0,0,0
4612,1,1,1,1
7339,0,0,0,0
5442,0,0,0,0
5935,0,0,0,0
4398,1,0,0,0
2154,1,1,1,1
965,1,1,1,1
5001,1,0,0,0
6665,0,0,0,0
3152,0,0,0,0
882,1,1,1,1
5378,0,0,0,0
5594,0,0,0,0
7381,0,0,0,0
1594,1,1,1,1
7072,1,0,0,0
7036,0,0,0,0
7135,0,0,0,0
3418,1,1,0,1
5017,0,0,0,0
4097,0,0,0,0
1907,1,1,1,1
6955,0,1,0,0
4978,0,0,0,0
7063,1,0,0,0
3777,0,0,0,0
690,1,1,1,1
4280,1,0,0,0
4153,0,0,0,0
4686,1,0,0,0
4519,1,0,0,0
5200,0,1,0,0
7001,0,0,0,0
1559,0,0,1,0
3688,0,0,0,0
4088,1,1,0,1
7101,1,1,1,1
1176,1,1,1,1
3008,1,1,1,1
4464,0,0,0,0
3656,0,0,0,0
6468,0,0,0,0
490,1,0,0,0
3752,0,0,0,0
4135,0,0,0,0
1345,1,0,0,0
6717,0,0,0,0
6478,0,0,0,0
7071,0,0,0,0
251,1,1,1,1
5013,0,0,0,0
4797,1,1,1,1
7399,0,0,0,0
3509,1,0,0,0
1215,1,1,1,1
6368,1,0,0,0
4802,0,0,0,0
2448,1,0,0,0
368,1,0,0,0
4884,0,0,0,0
6082,1,1,1,1
3719,1,0,1,1
6389,0,0,0,0
676,1,1,1,1
4810,0,1,0,0
207,1,1,0,1
6203,0,0,0,0
6979,0,0,0,0
3005,1,1,1,1
3241,1,0,0,0
6146,0,0,0,0
1658,1,1,1,1
4214,1,0,0,0
1004,1,1,1,1
7090,0,0,0,0
2550,1,1,1,1
1739,1,1,1,1
4966,0,0,0,0
6736,0,0,0,0
1165,1,1,1,1
1060,1,1,0,1
3527,1,1,0,1
643,1,1,1,1
3244,1,0,0,0
5128,0,0,0,0
5385,1,0,1,1
5211,0,0,0,0
2065,1,1,1,1
5562,0,0,0,0
2924,1,1,1,1
2547,1,1,1,1
3976,1,1,0,1
234,1,1,1,1
3042,1,1,1,1
5976,0,0,0,0
2726,1,1,1,1
6545,1,1,1,1
2257,1,1,1,1
5424,0,0,0,0
6077,0,0,0,0
6288,0,0,0,0
3269,0,0,0,0
2795,1,1,1,1
6375,1,0,0,0
4834,1,1,1,1
7361,1,1,0,1
7230,0,0,0,0
6580,0,0,0,0
4170,1,0,0,0
4695,0,0,0,0
1326,1,1,1,1
2210,1,1,1,1
699,0,0,0,0
391,1,1,1,1
2849,1,1,1,1
7529,0,0,0,0
232,1,1,1,1
218,1,1,1,1
1315,1,0,0,0
6635,0,0,0,0
888,1,1,1,1
4060,0,0,0,0
4295,0,0,0,0
6423,0,0,0,0
6256,0,0,0,0
4092,1,0,0,0
13,1,0,1,1
6772,1,1,1,1
6942,0,0,0,0
891,1,1,1,1
3149,0,0,0,0
3340,1,0,0,0
6532,0,0,0,0
5316,0,0,0,0
7616,0,0,0,0
1473,0,1,1,1
3455,1,0,0,0
2350,1,0,0,0
6222,0,0,0,0
5175,0,0,0,0
3196,1,1,1,1
6784,0,0,0,0
155,1,1,0,1
5246,0,0,0,0
3107,1,0,0,0
1633,0,0,0,0
4936,0,0,0,0
7179,0,0,0,0
7164,0,1,0,0
625,1,1,1,1
288,1,1,1,1
6280,0,0,0,0
2123,1,1,1,1
1865,1,1,1,1
3160,1,1,1,1
4423,0,0,0,0
3046,1,1,1,1
6632,0,0,0,0
6371,0,0,0,0
4537,0,0,0,0
805,1,1,1,1
3210,1,1,0,1
692,1,1,1,1
1789,1,1,1,1
3038,1,1,1,1
5329,0,0,0,0
543,0,0,0,0
742,1,1,1,1
5443,0,1,0,0
4173,0,0,0,0
7275,0,0,0,0
7540,0,0,0,0
7240,1,0,0,0
6336,1,1,1,1
829,1,1,1,1
3666,0,0,0,0
381,1,1,1,1
4014,1,1,1,1
4469,0,0,1,0
1674,1,1,1,1
2204,1,1,1,1
3606,0,0,0,0
494,1,0,1,1
7608,0,0,0,0
3602,0,0,1,0
477,1,1,0,1
646,1,1,1,1
6387,0,0,0,0
6727,0,0,0,0
6850,0,0,0,0
2253,0,0,0,0
5425,0,1,0,0
4783,0,0,0,0
5708,1,1,0,1
1309,1,0,1,1
4807,0,0,0,0
4961,0,0,0,0
1620,1,1,1,1
2144,1,0,0,0
5389,0,0,0,0
2915,1,1,1,1
473,1,1,1,1
1823,1,1,1,1
3684,1,1,1,1
3101,1,1,0,1
4407,0,0,1,0
6879,0,0,0,0
2378,1,1,0,1
1630,1,1,1,1
1940,1,1,1,1
1464,1,1,1,1
2387,1,0,0,0
6995,1,0,1,1
4649,0,0,0,0
2899,1,1,1,1
3938,0,0,0,0
926,1,0,1,1
2852,1,1,1,1
2176,0,1,1,1
4041,0,0,0,0
5823,0,0,1,0
1421,1,1,1,1
5981,0,0,0,0
6215,0,0,0,0
4427,0,0,0,0
6989,0,0,0,0
1356,1,1,1,1
1837,1,1,1,1
3284,1,0,0,0
2045,1,1,1,1
7033,0,0,0,0
5331,0,0,0,0
4340,0,0,0,0
1788,1,1,1,1
6334,0,0,0,0
106,1,1,1,1
2901,1,1,1,1
6749,0,0,0,0
5309,0,0,0,0
5632,0,0,0,0
2196,1,0,0,0
2820,1,1,1,1
3779,1,1,1,1
2952,1,0,0,0
5459,0,0,0,0
4977,0,0,0,0
2923,1,1,1,1
2027,0,0,1,0
7583,0,1,1,1
5829,0,0,0,0
5612,1,1,0,1
3934,1,0,0,0
977,1,1,1,1
1763,0,0,0,0
981,1,1,1,1
1119,1,1,1,1
6155,0,0,0,0
2837,1,1,1,1
5777,0,0,0,0
6513,0,0,0,0
1327,1,1,1,1
4628,0,0,0,0
2549,1,1,1,1
4790,0,0,0,0
6107,0,0,0,0
6024,0,0,0,0
1760,1,1,1,1
3484,1,1,1,1
4719,0,0,0,0
5230,0,0,0,0
6821,0,0,0,0
7159,1,1,1,1
2964,1,1,1,1
5656,0,0,0,0
6224,0,0,0,0
7438,0,0,0,0
1687,1,1,0,1
4857,0,0,0,0
4794,1,1,1,1
2965,1,1,1,1
2621,1,1,1,1
1988,1,1,1,1
447,1,1,1,1
4022,0,0,0,0
4272,1,1,1,1
6325,0,0,0,0
4805,1,1,1,1
4065,0,0,0,0
5239,0,0,0,0
6654,0,0,0,0
6444,0,0,0,0
389,1,1,1,1
6945,0,0,0,0
6021,0,0,0,0
1127,1,1,1,1
2333,1,1,0,1
808,1,1,1,1
6494,0,0,0,0
2439,1,1,1,1
6787,0,0,0,0
7331,0,0,0,0
1568,1,0,1,1
2670,1,1,1,1
4613,0,0,0,0
7413,0,0,0,0
3878,0,0,0,0
6195,1,0,0,0
424,0,0,0,0
7010,1,1,1,1
7242,0,0,0,0
1413,0,0,0,0
423,1,1,1,1
6098,0,0,0,0
2616,1,1,1,1
5809,0,0,0,0
6217,0,0,0,0
2869,1,1,1,1
3307,0,1,0,0
1040,1,1,0,1
4870,0,0,0,0
2000,1,1,1,1
6446,1,1,1,1
2637,1,1,1,1
5559,0,0,0,0
6234,0,0,0,0
3838,0,0,0,0
4360,1,0,1,1
997,1,1,1,1
3677,1,0,1,1
7599,0,1,1,1
7131,1,1,0,1
1947,0,0,0,0
3674,1,1,1,1
4197,0,0,0,0
2833,1,1,1,1
7075,0,0,0,0
3721,0,0,0,0
6032,0,0,0,0
3950,1,1,1,1
486,0,0,0,0
4335,1,1,1,1
6307,0,0,0,0
1638,1,0,1,1
5040,0,0,0,0
733,1,1,1,1
5471,0,0,0,0
6711,0,0,0,0
3382,1,1,1,1
287,1,1,1,1
4281,1,1,0,1
7199,1,1,1,1
715,1,1,1,1
3855,1,1,1,1
3460,1,1,1,1
7338,1,1,0,1
6269,0,0,0,0
854,1,1,1,1
2615,1,1,1,1
4879,0,0,0,0
4183,1,0,0,0
246,1,1,1,1
1029,1,1,1,1
1553,1,1,1,1
5943,0,0,0,0
5538,0,0,0,0
3435,0,0,0,0
6554,0,0,0,0
7447,0,0,0,0
5647,0,0,0,0
4660,0,0,0,0
7307,0,0,0,0
7629,1,0,0,0
7592,0,1,1,1
5662,0,0,0,0
7066,1,0,0,0
3837,1,1,1,1
2205,1,1,1,1
2607,1,1,1,1
2746,1,1,1,1
6400,1,0,1,1
2807,1,1,0,1
6260,0,0,0,0
3272,0,0,0,0
2654,1,1,1,1
6043,0,0,0,0
600,1,1,1,1
4312,0,0,0,0
6891,0,0,0,0
5490,0,0,0,0
323,1,1,1,1
2627,1,1,1,1
4132,1,0,0,0
6074,0,0,0,0
2080,1,1,1,1
37,1,1,1,1
652,1,1,1,1
1265,1,1,1,1
5553,1,1,1,1
7140,0,0,0,0
2202,1,1,1,1
4024,0,0,0,0
390,1,1,1,1
6037,0,0,0,0
5055,0,0,0,0
732,1,1,1,1
5765,0,0,0,0
4349,0,0,0,0
4835,0,0,0,0
3233,0,0,0,0
5885,0,0,0,0
5007,0,0,0,0
3635,0,0,0,0
1320,1,0,0,0
5184,0,0,0,0
3169,0,0,0,0
6624,0,0,0,0
2334,0,0,0,0
442,1,1,1,1
263,1,1,1,1
3847,1,1,1,1
1554,1,1,1,1
3081,0,0,0,0
6909,0,0,0,0
3762,0,0,0,0
7409,1,1,1,1
6892,1,1,1,1
4048,0,0,0,0
3775,1,1,1,1
5467,0,0,0,0
5098,0,1,0,0
812,1,1,1,1
6675,0,0,0,0
4492,1,1,1,1
2304,1,1,1,1
4202,0,0,0,0
3937,0,0,0,0
2299,1,0,0,0
2718,1,1,1,1
2407,1,1,0,1
3996,1,0,0,0
4057,0,0,0,0
6871,1,0,0,0
4735,0,0,0,0
4889,0,0,0,0
1261,0,0,0,0
4241,1,1,0,1
2902,1,1,1,1
2052,1,1,1,1
2758,1,1,1,1
1129,1,0,0,0
6012,0,0,0,0
5766,0,0,0,0
2926,1,1,1,1
3619,1,1,1,1
6870,1,0,0,0
1446,1,1,0,1
2040,0,0,0,0
1814,1,0,0,0
3766,1,1,1,1
3075,1,0,0,0
3387,0,1,0,0
780,1,1,1,1
2516,1,0,0,0
7049,0,0,0,0
7441,0,0,0,0
6408,1,0,0,0
4252,0,0,0,0
6242,1,1,1,1
898,1,1,1,1
2441,0,0,0,0
2050,1,1,1,1
6267,0,0,0,0
2725,1,1,1,1
2071,1,1,1,1
5336,0,0,0,0
2432,1,1,1,1
4646,0,0,0,0
2744,1,1,1,1
6160,0,0,0,0
3764,0,0,0,0
4634,0,0,0,0
4007,1,1,0,1
139,1,1,1,1
749,1,1,1,1
1423,1,1,1,1
1260,1,1,1,1
763,1,1,1,1
3297,1,1,0,1
1103,1,1,1,1
4904,0,0,0,0
195,1,1,1,1
6143,0,0,0,0
6254,0,1,0,0
7117,0,0,0,0
2540,1,1,0,1
6812,1,0,1,1
6657,0,0,0,0
3844,1,0,0,0
5778,0,0,0,0
3982,1,0,0,0
3730,1,1,1,1
5819,0,0,0,0
4061,0,0,0,0
6917,0,0,0,0
7070,0,0,0,0
1555,1,1,1,1
3177,0,0,0,0
1000,1,1,1,1
6475,0,0,0,0
6953,0,0,0,0
7261,0,0,0,0
7003,0,0,0,0
2973,1,1,1,1
2308,0,0,0,0
5291,0,0,0,0
2870,1,1,1,1
6769,0,0,0,0
6505,1,1,1,1
2566,0,0,0,0
493,1,1,1,1
850,0,0,0,0
3395,1,0,0,0
1899,1,1,1,1
1697,0,0,0,0
6559,0,0,0,0
2199,1,1,1,1
2883,1,1,1,1
2980,1,1,0,1
5262,0,0,0,0
3997,0,0,0,0
3854,0,0,1,0
2727,1,1,1,1
2232,1,1,1,1
4079,0,0,0,0
3154,1,1,0,1
4266,0,0,1,0
6248,1,0,0,0
1969,1,0,0,0
6910,0,0,0,0
845,0,0,0,0
4185,1,0,1,1
6856,0,0,0,0
5287,0,0,0,0
2032,1,1,1,1
2030,0,1,0,0
1871,1,0,1,1
5028,1,0,0,0
2802,1,0,0,0
4381,1,1,1,1
6512,0,0,0,0
7067,0,0,0,0
6563,0,0,0,0
5908,0,0,0,0
2270,1,0,0,0
3216,0,0,0,0
5967,0,0,0,0
2014,1,1,1,1
5791,1,1,1,1
1825,1,1,0,1
987,0,0,0,0
4548,1,0,1,1
5663,0,0,0,0
1941,1,1,0,1
7469,0,0,0,0
2487,1,1,1,1
6590,0,0,0,0
7425,1,1,1,1
5411,0,0,0,0
857,1,1,1,1
793,1,1,1,1
1250,1,1,1,1
5643,0,0,0,0
5229,1,1,0,1
679,1,1,1,1
3365,1,1,1,1
6538,0,0,0,0
1850,0,0,0,0
3988,0,0,0,0
2514,1,0,0,0
4666,0,0,0,0
6294,1,0,0,0
723,0,1,1,1
3803,1,0,1,1
3171,1,1,1,1
2306,1,0,0,0
7477,0,0,0,0
1666,1,1,1,1
3811,1,1,0,1
5710,1,1,1,1
7098,1,0,0,0
5491,0,0,0,0
3450,1,1,1,1
5366,0,0,0,0
302,1,1,1,1
3872,1,0,0,0
1214,1,1,1,1
6108,0,0,0,0
3341,1,1,1,1
4223,1,1,1,1
3725,0,1,0,0
6758,0,0,0,0
4815,0,0,0,0
751,1,1,1,1
291,1,1,1,1
6328,1,1,0,1
3658,0,0,0,0
6429,0,0,0,0
580,1,1,1,1
784,1,0,0,0
6642,0,0,0,0
3584,1,0,0,0
6279,0,0,0,0
7329,0,0,0,0
3623,1,1,0,1
4796,0,0,0,0
6641,0,0,0,0
4494,1,0,1,1
7073,0,0,0,0
270,0,0,0,0
540,1,1,1,1
3590,1,0,0,0
4836,0,0,0,0
2636,1,1,1,1
1580,1,1,1,1
3564,0,0,0,0
7589,0,0,0,0
7527,0,0,0,0
4896,0,0,0,0
2526,1,1,1,1
6846,0,0,0,0
6380,0,0,0,0
1366,1,1,1,1
58,1,1,1,1
3518,1,1,0,1
5102,1,1,1,1
2995,1,1,1,1
1987,1,1,1,1
5815,0,0,0,0
6161,0,0,0,0
4842,0,0,0,0
2064,1,0,0,0
880,1,0,0,0
5361,0,0,0,0
2057,1,1,1,1
1626,1,1,1,1
2287,1,1,1,1
4385,1,0,0,0
3791,0,0,0,0
2738,1,1,1,1
3343,1,0,0,0
1775,1,1,1,1
5195,0,0,0,0
5479,0,0,0,0
1018,1,1,1,1
467,1,1,1,1
4447,0,0,0,0
6185,0,0,0,0
4116,0,0,1,0
4582,0,0,0,0
2237,1,1,1,1
1404,1,0,0,0
2037,1,1,1,1
6067,0,0,0,0
433,1,1,1,1
5447,0,0,0,0
5913,1,0,0,0
483,1,1,1,1
6050,0,0,0,0
5727,1,0,1,1
7204,0,0,0,0
3434,1,1,0,1
1092,1,1,1,1
3220,0,0,0,0
5605,0,0,0,0
6081,0,0,0,0
6667,1,0,0,0
31,1,0,0,0
1026,1,1,1,1
1795,1,0,0,0
5220,0,0,0,0
6023,0,0,0,0
5292,0,0,0,0
7450,0,0,0,0
2760,1,1,1,1
4021,0,0,0,0
7074,1,0,0,0
5192,0,0,0,0
6442,0,0,0,0
2846,1,0,0,0
3767,0,1,0,0
4865,0,0,0,0
2732,1,1,1,1
6848,0,0,0,0
1879,1,1,1,1
656,1,1,1,1
6088,1,0,1,1
2038,1,1,1,1
5167,0,0,0,0
6477,0,0,0,0
5174,0,0,0,0
2664,1,1,1,1
3975,0,1,0,0
978,1,0,1,1
243,1,1,1,1
1756,1,1,1,1
7484,0,0,0,0
452,1,1,1,1
236,1,1,1,1
5432,0,0,0,0
1314,1,1,1,1
7480,0,0,0,0
1426,1,1,1,1
2233,0,1,1,1
1926,1,1,1,1
3100,0,0,0,0
328,1,1,1,1
6982,1,1,0,1
7002,0,0,0,0
204,1,1,1,1
7510,0,0,0,0
5561,0,0,0,0
6948,0,0,0,0
2801,0,0,0,0
6601,0,0,0,0
2991,1,1,1,1
1641,1,0,1,1
697,1,1,1,1
3316,0,0,0,0
134,1,1,1,1
3327,1,0,0,0
4944,1,0,0,0
5118,0,0,0,0
3980,1,0,1,1
248,1,1,1,1
5623,0,0,0,0
4091,0,0,0,0
7037,0,0,0,0
361,1,1,1,1
4967,1,0,0,0
3828,0,0,0,0
7390,0,0,0,0
1340,1,1,1,1
3229,0,0,0,0
3628,0,0,0,0
3593,0,0,0,0
1102,0,0,1,0
4302,0,0,0,0
4905,1,1,1,1
855,1,1,1,1
5409,0,0,0,0
1826,1,1,1,1
2498,0,0,0,0
3907,1,1,1,1
1705,1,1,1,1
5878,0,0,0,0
2594,1,1,1,1
167,1,1,1,1
2372,1,1,1,1
4707,0,0,0,0
1303,1,1,1,1
5387,0,0,0,0
1647,1,1,1,1
4806,1,0,0,0
6226,0,0,0,0
2167,1,0,0,0
2889,1,1,1,1
2751,1,1,0,1
5063,0,0,0,0
7380,1,1,0,1
2070,1,1,1,1
1722,1,1,0,1
3018,1,1,1,1
823,1,1,1,1
2829,1,1,0,1
2595,1,1,1,1
5572,1,0,1,1
1675,1,1,0,1
3915,0,0,0,0
767,1,1,0,1
6135,0,0,0,0
922,1,1,1,1
6548,0,0,0,0
5867,0,0,0,0
4633,0,0,0,0
3530,1,1,1,1
3034,1,1,1,1
5408,0,0,0,0
5242,1,0,0,0
3315,1,1,0,1
6219,0,0,0,0
2930,1,1,1,1
2347,1,1,1,1
5053,0,0,0,0
2456,0,0,0,0
5333,0,0,0,0
2850,1,0,0,0
3074,0,1,0,0
974,1,1,1,1
5558,0,0,0,0
5465,0,0,0,0
4062,1,0,0,0
4481,0,0,0,0
324,1,1,1,1
6574,0,0,0,0
7335,1,1,0,1
3877,1,1,1,1
4916,0,0,0,0
5557,0,0,0,0
1624,1,1,1,1
6313,0,0,0,0
6618,0,0,0,0
3506,1,1,1,1
2975,1,1,1,1
6600,0,0,0,0
877,1,1,1,1
7590,0,0,0,0
7474,0,1,0,0
4625,1,1,1,1
1878,1,0,0,0
5762,0,0,0,0
5873,0,0,0,0
1377,1,1,1,1
2757,1,1,1,1
6428,0,0,0,0
6165,0,0,0,0
7618,0,0,0,0
2656,1,1,1,1
5979,0,0,0,0
7533,0,0,0,0
5129,0,0,0,0
4828,0,0,0,0
6696,0,0,0,0
5398,0,0,0,0
7472,0,0,0,0
1409,1,1,1,1
6041,0,0,0,0
1170,1,1,1,1
1188,1,1,1,1
7602,1,1,1,1
6404,1,1,0,1
1342,1,1,0,1
402,1,0,1,1
6367,0,0,0,0
5584,0,0,0,0
3234,0,0,0,0
5898,0,0,0,0
3554,1,1,0,1
4639,0,0,1,0
182,1,1,1,1
4984,0,0,0,0
3453,0,0,0,0
1652,1,1,1,1
6157,1,0,0,0
2625,1,1,1,1
3420,1,1,1,1
1863,1,1,1,1
5296,0,0,0,0
2981,0,0,0,0
2634,1,0,0,0
3120,1,1,1,1
2309,1,1,1,1
5633,0,0,0,0
3782,0,0,0,0
6621,1,0,0,0
6740,0,0,0,0
412,1,1,1,1
1359,1,1,1,1
1113,0,0,0,0
2335,1,1,1,1
2646,1,1,1,1
6162,0,0,0,0
5337,0,0,0,0
384,1,1,1,1
7148,0,0,0,0
123,1,1,1,1
1486,1,1,0,1
4856,0,0,0,0
3634,1,1,1,1
4171,1,1,1,1
4160,0,0,0,0
1036,1,1,1,1
6430,0,0,0,0
6625,0,1,1,1
1169,0,0,1,0
7513,1,0,0,0
4137,1,0,0,0
3679,0,0,0,0
2224,1,1,1,1
4347,1,0,0,0
3817,1,1,1,1
2442,1,0,1,1
3436,1,1,1,1
1223,1,1,1,1
1750,1,1,0,1
2989,1,1,1,1
1600,1,1,1,1
2700,1,1,1,1
6401,0,0,0,0
2126,1,1,1,1
2828,1,1,1,1
6581,0,0,0,0
2835,1,1,1,1
321,1,1,1,1
6622,1,0,0,0
1657,1,1,1,1
4610,0,0,0,0
5971,0,0,0,0
613,1,1,1,1
172,1,1,1,1
7031,0,0,0,0
4453,1,0,1,1
7376,0,0,0,0
4645,1,0,1,1
1730,1,1,1,1
2104,1,1,1,1
2910,1,0,0,0
1434,1,1,1,1
4854,0,0,0,0
5037,0,0,0,0
6816,1,0,0,0
3416,0,0,0,0
563,1,1,1,1
940,1,1,1,1
1654,1,1,1,1
2878,1,1,0,1
4779,0,0,0,0
6141,0,0,0,0
7321,0,1,0,0
4300,1,1,1,1
7601,1,1,1,1
4776,0,0,0,0
5822,0,0,0,0
1469,1,0,0,0
6104,1,1,1,1
4945,0,0,0,0
2355,1,1,1,1
1938,1,1,1,1
3568,0,0,0,0
3363,0,0,0,0
5264,0,0,0,0
7330,1,1,1,1
1389,1,1,0,1
4725,0,0,0,0
6191,0,0,0,0
1163,1,0,1,1
4976,0,0,0,0
7177,1,0,0,0
4168,0,0,0,0
1708,1,1,1,1
5068,0,0,0,0
3201,0,0,0,0
827,1,1,0,1
1271,1,1,1,1
3052,1,1,1,1
2640,1,0,1,1
4318,0,0,0,0
5886,0,0,0,0
5650,0,0,0,0
6227,1,0,1,1
708,1,1,1,1
5917,0,0,0,0
5501,1,0,0,0
4365,0,0,0,0
7260,0,1,0,0
460,1,1,1,1
3951,0,0,0,0
4591,0,0,0,0
6569,0,0,0,0
6450,0,0,0,0
1757,1,0,0,0
1213,0,0,0,0
2618,1,1,1,1
5684,0,0,0,0
1738,1,1,1,1
5365,0,0,0,0
3430,1,1,0,1
998,1,0,0,0
7125,0,0,0,0
6887,0,0,0,0
869,1,1,1,1
5729,0,0,0,0
1067,1,1,1,1
694,1,1,1,1
168,1,1,1,1
2831,1,1,1,1
2275,1,1,1,1
4110,0,0,0,0
886,1,1,1,1
411,1,1,1,1
5534,0,0,0,0
3883,1,1,1,1
1892,1,1,1,1
1117,1,0,0,0
5103,0,0,0,0
1786,1,1,1,1
2635,1,1,1,1
7448,0,0,0,0
5458,0,0,0,0
908,1,1,1,1
673,0,0,0,0
6881,0,0,0,0
3567,0,0,0,0
3912,0,0,0,0
2632,1,1,1,1
5142,0,0,0,0
6329,0,0,0,0
6547,0,0,0,0
3765,0,1,0,0
2739,1,0,1,1
6552,0,0,0,0
2266,1,1,1,1
4584,0,0,0,0
1921,1,1,1,1
1523,1,1,1,1
6542,0,0,0,0
4138,1,1,1,1
1288,0,0,0,0
2122,1,1,1,1
4930,1,0,0,0
3834,1,1,1,1
2364,0,0,0,0
2667,1,0,0,0
2192,1,1,1,1
5000,1,0,0,0
6079,0,0,0,0
1614,1,1,1,1
5660,0,0,0,0
4052,0,0,0,0
5494,0,0,0,0
4985,0,0,0,0
191,1,1,0,1
2641,1,1,1,1
6213,0,0,0,0
6302,0,0,0,0
7138,1,1,1,1
5317,0,0,0,0
5034,0,0,0,0
6615,0,0,0,0
539,1,1,1,1
5427,0,0,0,0
6648,0,0,0,0
6934,0,0,0,0
1015,0,1,0,0
7092,0,0,0,0
7212,0,0,0,0
3673,0,0,0,0
1854,0,0,0,0
214,1,0,0,0
6659,0,0,0,0
2694,1,0,1,1
4206,0,0,0,0
666,1,1,1,1
2055,1,1,1,1
5285,1,0,0,0
171,1,1,1,1
1577,0,0,0,0
388,1,1,1,1
1321,1,1,1,1
308,0,1,1,1
3705,1,0,0,0
7170,0,0,0,0
3697,1,1,1,1
5348,0,0,0,0
5599,0,0,0,0
5125,0,0,0,0
6589,0,0,0,0
7486,0,0,0,0
7157,1,0,1,1
2029,1,1,1,1
7124,0,0,0,0
1207,1,1,1,1
6318,0,0,0,0
620,1,1,1,1
7576,0,0,0,0
479,1,0,1,1
5507,0,0,0,0
6719,0,0,0,0
7086,1,0,0,0
1408,1,1,1,1
4499,0,0,0,0
2079,1,1,1,1
7013,0,0,0,0
7320,0,0,0,0
4756,0,0,0,0
3231,1,1,0,1
2168,1,1,1,1
817,1,1,1,1
6013,0,0,0,0
4112,1,1,0,1
2786,0,0,0,0
522,1,1,1,1
5414,0,0,0,0
416,1,0,0,0
662,1,1,1,1
3212,1,1,1,1
5224,0,0,0,0
2085,0,0,0,0
2056,1,1,1,1
927,1,1,1,1
3271,0,0,0,0
1805,1,1,1,1
2716,1,1,1,1
6028,0,0,0,0
7430,1,1,1,1
4578,0,0,0,0
7060,0,0,0,0
5915,0,0,0,0
4958,0,0,0,0
3204,0,0,0,0
334,1,1,1,1
2723,1,1,1,1
7553,0,0,0,0
6914,0,0,0,0
4143,1,0,0,0
2388,1,1,1,1
797,1,1,1,1
3788,0,0,0,0
7482,0,0,0,0
6266,0,0,0,0
5360,0,0,0,0
6566,0,0,0,0
6453,0,0,0,0
5508,1,1,0,1
1267,1,1,1,1
6819,0,0,0,0
6840,0,0,0,0
4218,0,0,0,0
2557,1,1,1,1
1367,1,1,1,1
939,1,1,1,1
4133,0,0,0,0
1269,0,0,0,0
7206,0,0,0,0
2808,1,1,1,1
5235,1,0,0,0
4337,0,0,0,0
1251,1,0,0,0
4849,1,0,0,0
2208,1,1,1,1
7612,0,0,0,0
2207,1,1,1,1
264,1,1,1,1
6649,1,1,1,1
6851,0,0,0,0
5083,1,1,0,1
4130,1,0,0,0
2102,1,1,1,1
1041,1,1,1,1
6992,0,0,0,0
4549,1,0,0,0
5121,0,0,0,0
4199,0,0,0,0
5563,0,0,0,0
6928,0,0,0,0
6790,0,0,0,0
6965,0,0,0,0
878,1,1,0,1
7057,1,1,0,1
1897,1,0,0,0
1944,1,1,1,1
3984,1,0,1,1
2699,1,1,1,1
5788,0,0,0,0
4775,1,1,1,1
758,1,1,1,1
962,1,1,1,1
6867,0,0,0,0
7083,0,0,0,0
3227,0,0,0,0
2542,1,1,1,1
1533,1,1,1,1
4538,0,0,0,0
6676,0,0,0,0
2449,1,1,0,1
5033,0,0,0,0
5961,0,0,0,0
1748,1,1,1,1
6745,0,0,0,0
6968,0,0,0,0
3467,1,1,1,1
821,1,1,1,1
5301,0,0,0,0
3056,1,1,1,1
792,1,1,1,1
7106,0,0,0,0
400,1,1,1,1
170,1,1,1,1
3581,0,0,0,0
3665,0,0,0,0
2803,1,1,1,1
3917,0,0,0,0
1507,1,1,1,1
5681,0,0,0,0
3172,0,0,0,0
4798,1,1,1,1
675,1,1,1,1
5206,0,1,0,0
7093,0,0,0,0
3604,0,0,0,0
2106,1,1,1,1
3138,1,1,1,1
966,0,0,0,0
3633,0,0,0,0
4720,0,0,0,0
7610,1,1,1,1
2884,1,1,1,1
5380,0,0,0,0
6417,0,0,0,0
2223,1,1,1,1
2823,1,1,1,1
294,1,1,1,1
2861,1,1,1,1
3651,0,0,0,0
2932,1,1,1,1
7634,0,0,0,0
4811,0,0,0,0
5568,0,0,0,0
4568,1,0,0,0
6617,0,0,0,0
5019,1,1,1,1
1967,1,1,1,1
5374,0,0,0,0
4906,0,0,0,0
487,1,1,1,1
2361,1,0,0,0
1335,1,0,0,0
4963,0,0,0,0
3613,1,0,0,0
954,1,1,1,1
6804,0,0,0,0
7247,0,0,0,0
2597,1,1,1,1
3167,1,1,1,1
4861,0,0,0,0
770,1,1,1,1
2558,1,1,1,1
5094,0,0,0,0
6364,0,0,0,0
5275,0,0,0,0
2365,1,1,1,1
1256,1,1,1,1
449,1,1,1,1
6834,0,0,0,0
1567,1,1,1,1
7521,1,0,0,0
4000,0,0,0,0
3998,1,1,0,1
4128,0,0,0,0
2310,1,1,1,1
7055,0,0,0,0
5487,0,0,0,0
1161,1,1,1,1
4962,0,0,0,0
6732,0,0,1,0
6330,0,0,0,0
4203,1,1,1,1
23,1,1,1,1
4784,1,1,1,1
7525,0,0,0,0
5047,0,0,0,0
2259,1,0,0,0
2683,1,1,1,1
6411,0,0,0,0
1669,1,1,1,1
3225,1,1,1,1
6716,1,1,1,1
5856,0,0,0,0
3981,1,1,0,1
3715,1,0,0,0
2047,1,1,1,1
3281,0,0,0,0
1472,1,1,1,1
1300,1,1,1,1
5032,0,0,0,0
159,1,1,1,1
1248,1,1,1,1
1895,1,1,1,1
7241,1,0,0,0
1311,1,1,1,1
3109,0,0,0,0
6807,0,0,0,0
2985,1,1,1,1
4974,0,0,0,0
3501,1,0,0,0
618,1,1,1,1
6572,0,0,0,0
63,1,1,1,1
661,1,1,1,1
1834,1,1,1,1
1563,1,0,0,0
6768,1,1,1,1
1066,1,1,1,1
2028,1,1,1,1
1548,0,1,0,0
3410,1,0,0,0
4409,0,0,0,0
278,1,1,1,1
3723,0,0,0,0
7420,0,0,0,0
2003,0,1,1,1
3295,0,0,0,0
2536,1,1,1,1
2344,0,0,0,0
5499,0,0,0,0
34,1,1,1,1
970,1,1,1,1
5267,1,0,0,0
133,1,1,1,1
5938,1,1,0,1
2814,1,1,1,1
6765,0,0,0,0
5939,0,0,0,0
752,1,1,1,1
497,1,1,1,1
56,1,1,0,1
2267,1,1,0,1
7249,0,0,0,0
4071,0,0,0,0
2551,0,1,0,0
6544,0,0,0,0
7104,0,0,0,0
2834,1,1,1,1
2120,1,0,0,0
6598,0,0,0,0
4040,1,0,0,0
704,1,1,1,1
3283,1,0,0,0
4878,0,0,0,0
2203,1,1,1,1
356,0,0,1,0
7412,0,0,0,0
6860,0,0,0,0
1368,1,1,1,1
2236,1,1,1,1
3493,1,0,0,0
1287,1,1,1,1
7382,0,0,0,0
6573,1,1,0,1
4075,1,0,0,0
6527,1,0,1,1
3150,1,1,1,1
1325,1,1,1,1
4163,0,0,0,0
1252,1,1,1,1
1880,0,0,0,0
5461,0,0,0,0
450,1,1,1,1
759,1,1,1,1
2430,1,1,1,1
12,1,1,1,1
846,1,1,1,1
7598,1,0,0,0
2342,1,1,0,1
5645,0,0,0,0
6777,1,0,0,0
3833,0,0,0,0
5162,0,0,0,0
4431,0,0,0,0
369,1,1,1,1
6449,1,1,1,1
4898,0,0,0,0
2091,1,1,1,1
6774,0,1,0,0
6920,0,0,0,0
6379,0,0,0,0
5096,0,1,0,0
731,1,1,1,1
7475,0,0,1,0
1278,1,1,1,1
4251,0,0,0,0
4326,0,0,0,0
6268,0,0,0,0
1301,1,1,0,1
3445,0,0,0,0
4265,0,0,0,0
4808,1,1,1,1
7584,1,0,0,0
7263,0,0,0,0
5395,0,0,0,0
4036,0,0,0,0
6016,0,0,0,0
6461,0,0,0,0
5824,0,0,0,0
5293,0,0,0,0
657,1,1,1,1
2174,1,0,1,1
678,1,1,1,1
3744,0,0,0,0
2856,1,1,1,1
6471,0,0,0,0
6964,1,0,0,0
1247,1,1,1,1
612,1,1,1,1
6828,0,0,0,0
32,1,1,1,1
4433,1,0,0,0
5189,0,0,0,0
6112,0,0,0,0
5757,0,0,0,0
4006,0,1,1,1
1091,1,1,1,1
2226,1,1,1,1
7508,0,0,0,0
3347,1,1,1,1
6120,1,1,0,1
4216,1,0,0,0
88,0,0,0,0
7190,0,0,0,0
3449,1,1,0,1
4313,0,0,0,0
3990,0,0,0,0
209,1,1,1,1
19,1,0,0,0
4051,0,0,0,0
4288,0,0,0,0
2745,1,1,1,1
4658,1,0,1,1
1362,1,1,1,1
1042,1,1,1,1
3745,1,1,0,1
5181,0,0,0,0
6467,0,0,0,0
1038,1,1,1,1
4763,0,0,0,0
741,1,1,1,1
714,1,1,1,1
3417,0,0,0,0
5273,0,0,0,0
7142,0,0,0,0
2198,1,1,1,1
5607,1,1,1,1
6308,0,0,0,0
3371,0,0,0,0
6748,1,1,1,1
6970,1,0,0,0
3076,1,1,1,1
3166,1,1,0,1
7255,1,0,0,0
6044,0,0,0,0
1387,1,1,0,1
3199,0,0,0,0
1565,1,1,1,1
7507,1,1,1,1
588,1,1,0,1
4205,0,0,0,0
435,1,1,1,1
150,1,1,1,1
5089,0,0,0,0
7304,1,1,1,1
1174,1,1,1,1
4212,0,0,0,0
4762,0,0,0,0
2571,1,1,1,1
1942,1,1,1,1
3546,0,0,0,0
1485,1,1,1,1
1960,1,1,1,1
3135,1,1,1,1
2506,0,1,0,0
1811,1,1,1,1
7112,1,1,1,1
4019,0,0,0,0
7152,1,1,0,1
279,1,1,1,1
30,1,1,0,1
5236,0,0,0,0
6839,0,1,1,1
4825,0,0,0,0
5608,0,0,0,0
7137,0,0,0,0
1538,1,0,0,0
1985,1,1,1,1
1946,1,1,1,1
2544,1,0,0,0
14,1,1,1,1
1680,1,1,1,1
7560,1,1,1,1
4988,0,0,0,0
6591,0,0,0,0
2197,0,1,1,1
1286,1,0,0,0
1385,0,1,0,0
1499,0,0,0,0
6057,0,0,0,0
4843,0,0,0,0
1575,1,1,1,1
4262,0,0,0,0
7426,0,0,0,0
2060,1,1,1,1
6795,0,0,0,0
628,1,1,1,1
2652,1,1,1,1
1307,1,0,1,1
2561,1,1,0,1
6488,0,0,0,0
6594,0,0,0,0
2990,1,1,1,1
7085,0,0,0,0
1412,1,1,1,1
6567,0,0,0,0
5560,0,0,0,0
2296,0,0,0,0
1887,0,0,0,0
6797,0,0,0,0
2987,1,1,1,1
5696,1,1,1,1
2222,1,1,1,1
2332,1,1,1,1
6878,1,0,0,0
2354,1,1,1,1
4144,0,0,0,0
360,1,1,1,1
3776,0,0,0,0
4448,1,1,1,1
3396,1,1,1,1
3425,1,1,1,1
7088,0,0,0,0
2248,1,0,1,1
3720,0,0,0,0
798,1,1,1,1
4434,1,1,1,1
738,1,1,1,1
1833,1,1,1,1
7397,1,0,0,0
3983,1,0,0,0
6236,0,0,0,0
6410,0,1,0,0
5921,0,0,0,0
2602,1,1,1,1
6519,0,0,0,0
5692,0,0,0,0
2661,1,1,0,1
4025,0,0,0,0
6285,0,1,1,1
2366,0,0,0,0
5022,0,0,0,0
26,1,1,1,1
5212,0,0,0,0
4437,0,0,0,0
746,1,1,1,1
1737,1,1,1,1
2051,1,1,1,1
4583,0,0,0,0
3800,0,0,0,0
3096,1,1,1,1
7489,1,0,0,0
6783,1,0,1,1
4675,1,0,0,0
883,1,1,1,1
7342,0,0,0,0
2440,1,1,1,1
2369,1,1,1,1
4,1,1,1,1
5190,0,0,0,0
7519,0,0,0,0
1599,1,1,1,1
7,1,1,1,1
4703,1,1,1,1
1331,1,1,1,1
6757,1,0,0,0
7006,1,1,0,1
4393,0,1,1,1
2986,1,1,1,1
180,1,1,1,1
2927,1,1,1,1
4788,0,0,0,0
1415,1,1,1,1
2268,1,0,0,0
6350,0,0,0,0
5685,0,0,0,0
4149,0,0,0,0
1149,1,1,1,1
3294,1,1,1,1
5728,0,0,0,0
1691,1,1,1,1
6014,0,0,0,0
1761,1,1,1,1
5179,0,0,0,0
4505,1,0,0,0
3247,1,1,0,1
5914,0,0,0,0
4070,0,0,0,0
3326,0,0,1,0
6052,0,0,0,0
1482,1,1,0,1
3022,1,1,1,1
6752,0,0,0,0
1062,1,1,0,1
2708,1,1,1,1
5857,1,0,0,0
3015,1,1,0,1
6936,0,0,0,0
4817,0,0,0,0
6211,0,0,0,0
4546,0,0,0,0
7389,0,0,0,0
6409,0,0,0,0
4166,0,0,0,0
3901,1,0,0,0
4680,0,0,1,0
97,1,1,1,1
1273,1,1,1,1
6963,0,0,0,0
5590,1,0,0,0
7155,0,0,0,0
5907,0,0,0,0
2101,1,1,1,1
1382,1,1,1,1
3773,0,0,0,0
5428,0,0,0,0
1560,1,1,1,1
1621,1,0,0,0
4571,1,0,1,1
1662,1,1,1,1
2943,1,1,1,1
415,1,1,1,1
575,1,1,1,1
6623,0,0,0,0
5064,0,0,0,0
6314,0,0,0,0
5150,0,0,0,0
6869,0,0,0,0
1870,1,1,1,1
299,1,1,0,1
1509,1,1,1,1
6896,1,0,0,0
3483,0,0,0,0
4072,1,1,1,1
5720,0,0,0,0
5376,0,0,0,0
677,1,1,1,1
1293,1,1,1,1
4081,0,0,0,0
6009,1,0,0,0
3729,1,0,0,0
2132,1,1,1,1
4379,1,1,1,1
5665,0,0,0,0
3036,1,1,1,1
685,1,1,1,1
5020,0,0,0,0
143,1,1,1,1
7577,0,1,1,1
2137,1,0,1,1
1211,0,0,0,0
6252,0,0,0,0
2945,1,1,1,1
4872,0,0,0,0
332,1,0,0,0
5774,0,0,0,0
6163,0,0,0,0
2612,1,1,1,1
1976,1,1,1,1
1347,1,1,1,1
5523,0,0,0,0
5669,0,0,0,0
4276,1,1,1,1
4127,1,0,0,0
5678,0,0,0,0
6490,0,0,0,0
7121,1,1,0,1
4493,0,0,0,0
4577,0,0,1,0
3780,0,0,0,0
536,1,1,1,1
5009,1,0,0,0
4623,0,0,0,0
3055,1,1,1,1
5156,1,0,0,0
2756,1,1,1,1
1420,1,1,1,1
76,1,0,0,0
3707,1,1,1,1
5550,0,0,0,0
4820,0,0,0,0
5996,0,0,0,0
4305,0,0,0,0
7506,0,0,0,0
4264,0,0,0,0
1503,1,1,1,1
4598,0,0,0,0
4105,1,0,0,0
724,1,1,1,1
2314,1,1,1,1
7392,0,0,0,0
6100,0,0,0,0
813,1,1,1,1
3128,0,0,0,0
4655,1,1,1,1
1221,1,1,1,1
7015,0,0,0,0
2374,1,1,1,1
2414,1,0,0,0
1914,1,1,1,1
196,0,0,0,0
274,1,1,1,1
188,0,0,0,0
598,1,1,1,1
5430,0,0,0,0
4969,1,1,1,1
1918,1,1,1,1
7166,0,0,0,0
5808,0,0,0,0
4372,0,0,0,0
5185,0,0,0,0
3902,1,0,0,0
6507,0,0,0,0
2702,1,1,1,1
5796,0,0,0,0
7034,1,0,0,0
4117,0,0,0,0
1982,0,0,0,0
3945,0,0,0,0
5785,1,0,1,1
1682,1,1,0,1
6106,0,0,0,0
4102,1,1,1,1
5963,0,0,0,0
5327,0,0,0,0
7175,0,0,0,0
3904,1,0,0,0
2678,1,1,0,1
7503,0,0,0,0
4980,0,0,0,0
222,1,1,1,1
7200,0,0,0,0
5768,0,0,0,0
2401,1,0,0,0
2467,1,1,1,1
2583,0,0,0,0
4903,1,1,0,1
200,1,0,0,0
943,0,1,0,0
5680,0,0,0,0
896,1,1,1,1
5795,0,0,0,0
776,1,1,1,1
4555,1,1,0,1
295,1,1,1,1
6741,0,1,1,1
1843,1,1,1,1
1192,1,1,1,1
5891,1,0,0,0
7424,0,0,0,0
1333,1,1,1,1
547,1,1,1,1
4364,0,0,0,0
7196,1,1,1,1
2907,1,0,0,0
3044,1,1,1,1
844,1,1,1,1
4247,1,0,0,0
2346,1,1,1,1
6054,0,0,0,0
5579,0,0,0,0
6692,0,0,0,0
1239,1,1,1,1
4685,0,0,0,0
66,1,1,1,1
6629,0,0,0,0
6678,0,0,0,0
4310,0,1,1,1
185,1,1,1,1
2865,1,1,0,1
2740,1,1,1,1
7552,0,0,0,0
1898,1,0,1,1
5799,0,0,0,0
572,1,1,1,1
5831,0,0,0,0
2075,1,1,1,1
2692,1,0,0,0
3746,1,1,1,1
3815,0,0,0,0
7312,0,0,0,0
4239,0,0,0,0
5818,0,0,0,0
5764,0,0,0,0
919,1,1,1,1
5269,1,0,1,1
3488,0,0,1,0
3237,0,0,0,0
4791,0,0,0,0
1530,1,1,1,1
5634,1,1,1,1
2201,1,1,1,1
3328,1,1,0,1
1480,1,1,1,1
5364,0,0,0,0
7587,0,0,0,0
5268,0,0,0,0
6243,0,0,0,0
3891,1,1,1,1
6876,1,1,1,1
2896,1,1,1,1
1043,1,1,1,1
549,1,1,1,1
2673,1,1,1,1
1050,1,1,1,1
1504,1,1,1,1
421,1,1,1,1
1539,1,1,1,1
2696,1,1,1,1
3155,1,0,1,1
5861,0,0,0,0
5412,0,0,0,0
2815,1,1,1,1
1494,1,1,1,1
5801,0,0,0,0
7238,1,1,1,1
6086,0,0,0,0
2395,1,1,1,1
3305,1,1,1,1
5789,0,0,0,0
1466,1,1,1,1
5120,1,0,0,0
4803,1,0,0,0
1776,1,1,1,1
4405,0,0,0,0
6651,0,0,0,0
6385,0,0,0,0
4399,0,0,0,0
3144,1,1,1,1
2690,1,1,1,1
5249,0,0,0,0
3134,0,0,0,0
3194,1,1,1,1
5968,0,0,0,0
7352,0,0,0,0
451,0,0,0,0
5097,0,0,0,0
1141,1,1,1,1
2698,1,1,1,1
935,1,1,1,1
4294,0,0,0,0
6750,1,0,0,0
3540,0,0,0,0
3137,1,0,0,0
6883,0,0,0,0
3161,1,1,1,1
644,0,0,0,0
7302,1,1,0,1
78,1,1,1,1
1644,1,1,1,1
7234,1,1,0,1
5849,1,0,1,1
635,1,1,1,1
269,1,0,0,0
6257,0,0,0,0
7611,0,0,0,0
3552,0,0,0,0
5826,0,0,0,0
4863,0,0,0,0
1828,1,0,0,0
1140,1,1,1,1
3638,0,0,0,0
4195,1,1,1,1
3003,1,1,1,1
3785,1,1,0,1
6720,0,0,0,0
4637,0,0,0,0
4188,0,0,0,0
1699,1,1,1,1
1072,1,1,1,1
1688,1,1,1,1
4902,0,0,0,0
5045,0,0,0,0
5835,0,0,0,0
1245,1,1,1,1
370,1,1,1,1
4480,0,0,0,0
5585,0,0,0,0
4039,0,0,0,0
1660,1,1,1,1
516,1,1,1,1
1808,1,1,1,1
3254,1,1,1,1
1488,0,0,0,0
1896,1,0,1,1
3159,1,1,1,1
6534,0,0,0,0
4596,0,0,0,0
5256,1,0,0,0
5234,0,0,0,0
7193,1,0,0,0
5091,0,0,0,0
1591,1,1,1,1
2860,1,0,0,0
5363,0,0,0,0
4702,0,0,0,0
5310,0,0,0,0
4093,0,0,0,0
593,1,1,1,1
5641,0,0,0,0
4208,0,0,0,0
4439,0,0,0,0
6383,0,0,0,0
3927,1,1,1,1
6373,0,0,0,0
4868,0,0,0,0
2015,1,1,1,1
3932,1,0,0,0
7355,0,0,0,0
1441,1,1,1,1
967,1,1,1,1
2172,1,1,1,1
542,1,1,1,1
1436,1,1,1,1
4213,0,0,0,0
7464,0,0,0,0
4850,0,0,0,0
4615,1,1,0,1
2647,1,1,1,1
1317,1,1,1,1
5492,0,0,0,0
3955,1,1,1,1
5154,0,0,0,0
5352,0,0,0,0
354,1,1,1,1
319,1,1,1,1
6954,0,0,0,0
3890,0,0,1,0
7311,1,1,1,1
2111,1,1,1,1
6085,0,0,0,0
3322,1,0,0,0
5405,0,0,0,0
3795,1,0,0,0
5388,1,0,0,0
2136,1,1,1,1
7251,1,0,0,0
530,1,1,0,1
4121,0,0,0,0
2459,0,0,0,0
3641,1,0,0,0
3657,0,0,0,0
5277,1,1,1,1
6129,1,1,0,1
630,1,1,1,1
4119,1,0,0,0
6090,0,0,0,0
610,1,1,1,1
7555,1,0,0,0
3153,1,0,1,1
1636,1,1,1,1
4508,0,0,1,0
1894,1,1,1,1
3292,1,1,1,1
2898,1,1,1,1
7284,0,0,0,0
1949,0,0,0,0
6661,0,0,0,0
3213,1,1,1,1
6997,0,0,0,0
5061,0,0,0,0
1562,1,1,1,1
5503,0,0,0,0
5552,0,0,0,0
5233,0,0,0,0
1355,1,0,0,0
602,1,1,0,1
4858,0,0,0,0
4892,0,0,0,0
5330,1,0,0,0
6187,0,0,0,0
1712,1,1,1,1
3470,0,0,0,0
1445,1,1,1,1
5715,0,0,0,0
3594,0,0,0,0
7391,1,1,1,1
2108,1,1,1,1
6687,0,0,0,0
6993,0,0,0,0
1632,1,1,1,1
3944,0,0,0,0
2295,1,0,0,0
538,1,1,1,1
6561,0,0,0,0
372,1,1,1,1
2112,1,0,0,0
5281,0,0,0,0
2393,0,0,1,0
2158,1,1,1,1
2399,0,0,0,0
5533,0,0,0,0
1002,1,1,1,1
3432,0,1,0,0
7211,0,0,0,0
2825,1,0,1,1
872,1,0,1,1
5415,0,0,0,0
3754,0,0,0,0
3561,1,0,0,0
6463,1,1,1,1
6646,0,0,0,0
5539,1,1,1,1
5790,0,0,0,0
3007,1,0,0,0
1193,1,0,0,0
7305,1,1,0,1
7336,0,0,0,0
890,1,1,1,1
5601,0,0,0,0
4975,0,0,0,0
2243,1,1,0,1
5280,0,0,0,0
1800,1,1,1,1
2776,1,1,0,1
1734,1,1,1,1
1542,1,1,1,1
5509,0,0,0,0
1465,1,0,0,0
149,0,0,0,0
641,1,1,0,1
5903,0,0,0,0
3298,0,0,0,0
1586,1,1,1,1
663,1,0,1,1
1306,1,1,1,1
4986,0,0,0,0
6767,0,0,0,0
2724,1,1,1,1
7173,0,0,0,0
6579,1,0,0,0
4397,0,0,0,0
3476,1,1,0,1
3146,1,1,0,1
1112,1,1,1,1
2851,1,1,1,1
5998,0,0,0,0
1859,0,0,1,0
5472,0,0,0,0
5555,1,0,1,1
6673,0,0,0,0
6653,0,0,0,0
1519,1,1,1,1
1966,1,1,1,1
1077,1,1,1,1
5383,0,0,0,0
3156,1,1,1,1
2713,1,1,1,1
7571,0,1,0,0
7594,0,0,0,0
2904,1,1,1,1
5953,0,0,0,0
3966,1,0,0,0
3267,0,0,0,0
4556,0,0,0,0
6872,0,1,0,0
102,1,1,1,1
1452,1,1,1,1
2599,1,1,1,1
2235,1,1,1,1
6360,0,0,0,0
4387,1,0,0,0
4729,1,1,1,1
2185,1,1,1,1
1082,0,0,0,0
3802,1,0,0,0
271,1,1,1,1
3334,0,0,0,0
3478,1,0,0,0
89,1,1,1,1
2151,0,0,0,0
